619,https://w3id.org/scholarlydata/person/shuangyong-song,https://w3id.org/scholarlydata/person/ruihua-song,0
485,https://w3id.org/scholarlydata/person/marco-neumann,https://w3id.org/scholarlydata/person/thomas-neumann,0
331,https://w3id.org/scholarlydata/person/yunhua-hu,https://w3id.org/scholarlydata/person/xia-hu,0
335,https://w3id.org/scholarlydata/person/jeroen-janssen,https://w3id.org/scholarlydata/person/frederik-janssen,0
63,https://w3id.org/scholarlydata/person/markus-kroetzsch,https://w3id.org/scholarlydata/person/markus-krotzsch,1
576,https://w3id.org/scholarlydata/person/xuehua-shen,https://w3id.org/scholarlydata/person/yi-dong-shen,0
389,https://w3id.org/scholarlydata/person/hyunsun-kim,https://w3id.org/scholarlydata/person/haklae-kim,0
67,https://w3id.org/scholarlydata/person/dave-lewis,https://w3id.org/scholarlydata/person/david-lewis,1
347,https://w3id.org/scholarlydata/person/guoqian-jiang,https://w3id.org/scholarlydata/person/xuxian-jiang,0
322,https://w3id.org/scholarlydata/person/beibei-hu,https://w3id.org/scholarlydata/person/yunhua-hu,0
591,https://w3id.org/scholarlydata/person/xiaolin-shi,https://w3id.org/scholarlydata/person/weisong-shi,0
198,https://w3id.org/scholarlydata/person/stephen-clark,https://w3id.org/scholarlydata/person/lin-clark,0
507,https://w3id.org/scholarlydata/person/helena-sofia-pinto,https://w3id.org/scholarlydata/person/alexandre-miguel-pinto,0
649,https://w3id.org/scholarlydata/person/jian-tao-sun,https://w3id.org/scholarlydata/person/chengzheng-sun,0
650,https://w3id.org/scholarlydata/person/jian-tao-sun,https://w3id.org/scholarlydata/person/gordon-sun,0
395,https://w3id.org/scholarlydata/person/su-myeon-kim,https://w3id.org/scholarlydata/person/su-nam-kim,0
642,https://w3id.org/scholarlydata/person/chengzheng-sun,https://w3id.org/scholarlydata/person/jian-tao-sun,0
543,https://w3id.org/scholarlydata/person/thomas-schneider,https://w3id.org/scholarlydata/person/jodi-schneider,0
295,https://w3id.org/scholarlydata/person/bruno-goncalves,https://w3id.org/scholarlydata/person/marcos-goncalves,0
190,https://w3id.org/scholarlydata/person/yejin-choi,https://w3id.org/scholarlydata/person/ryan-h-choi,0
145,https://w3id.org/scholarlydata/person/ryen-w-white,https://w3id.org/scholarlydata/person/ryen-white,1
105,https://w3id.org/scholarlydata/person/juan-f-sequeda,https://w3id.org/scholarlydata/person/juanf-sequeda,1
491,https://w3id.org/scholarlydata/person/silver-oliver,https://w3id.org/scholarlydata/person/nuria-oliver,0
390,https://w3id.org/scholarlydata/person/hyunsun-kim,https://w3id.org/scholarlydata/person/su-myeon-kim,0
10,https://w3id.org/scholarlydata/person/soren-auer,https://w3id.org/scholarlydata/person/soeren-auer,1
207,https://w3id.org/scholarlydata/person/brian-davis,https://w3id.org/scholarlydata/person/joseph-davis,0
688,https://w3id.org/scholarlydata/person/andreas-wagner,https://w3id.org/scholarlydata/person/claudia-wagner,0
607,https://w3id.org/scholarlydata/person/kapil-singh,https://w3id.org/scholarlydata/person/amit-singh,0
179,https://w3id.org/scholarlydata/person/deepayan-chakrabarti,https://w3id.org/scholarlydata/person/kaushik-chakrabarti,0
513,https://w3id.org/scholarlydata/person/vibhor-rastogi,https://w3id.org/scholarlydata/person/rajeev-rastogi,0
493,https://w3id.org/scholarlydata/person/miles-osborne,https://w3id.org/scholarlydata/person/francesco-osborne,0
429,https://w3id.org/scholarlydata/person/franz-lehmann,https://w3id.org/scholarlydata/person/janette-lehmann,0
697,https://w3id.org/scholarlydata/person/matthias-wagner,https://w3id.org/scholarlydata/person/andreas-wagner,0
511,https://w3id.org/scholarlydata/person/ganesh-ramakrishnan,https://w3id.org/scholarlydata/person/cartic-ramakrishnan,0
564,https://w3id.org/scholarlydata/person/dou-shen,https://w3id.org/scholarlydata/person/yi-dong-shen,0
549,https://w3id.org/scholarlydata/person/subhabrata-sen,https://w3id.org/scholarlydata/person/prithviraj-sen,0
240,https://w3id.org/scholarlydata/person/xin-fan,https://w3id.org/scholarlydata/person/wei-fan,0
357,https://w3id.org/scholarlydata/person/jingtian-jiang,https://w3id.org/scholarlydata/person/xuxian-jiang,0
250,https://w3id.org/scholarlydata/person/eleanor-fink,https://w3id.org/scholarlydata/person/michael-fink,0
437,https://w3id.org/scholarlydata/person/jens-lehmann,https://w3id.org/scholarlydata/person/franz-lehmann,0
205,https://w3id.org/scholarlydata/person/brian-davis,https://w3id.org/scholarlydata/person/cornelia-davis,0
593,https://w3id.org/scholarlydata/person/suengwon-shin,https://w3id.org/scholarlydata/person/andy-shin,0
107,https://w3id.org/scholarlydata/person/juanf-sequeda,https://w3id.org/scholarlydata/person/juan-f-sequeda,1
215,https://w3id.org/scholarlydata/person/joseph-davis,https://w3id.org/scholarlydata/person/cornelia-davis,0
406,https://w3id.org/scholarlydata/person/michael-klein,https://w3id.org/scholarlydata/person/adrian-klein,0
276,https://w3id.org/scholarlydata/person/roberto-garcia,https://w3id.org/scholarlydata/person/juan-a-recio-garcia,0
438,https://w3id.org/scholarlydata/person/jens-lehmann,https://w3id.org/scholarlydata/person/janette-lehmann,0
269,https://w3id.org/scholarlydata/person/bo-fu,https://w3id.org/scholarlydata/person/linyun-fu,0
512,https://w3id.org/scholarlydata/person/rajeev-rastogi,https://w3id.org/scholarlydata/person/vibhor-rastogi,0
173,https://w3id.org/scholarlydata/person/maria-luiza-campos,https://w3id.org/scholarlydata/person/ricardo-campos,0
293,https://w3id.org/scholarlydata/person/jose-manuel-gomez-perez,https://w3id.org/scholarlydata/person/asuncion-gomez-perez,0
687,https://w3id.org/scholarlydata/person/vania-vidal,https://w3id.org/scholarlydata/person/maria-esther-vidal,0
23,https://w3id.org/scholarlydata/person/marco-casanova,https://w3id.org/scholarlydata/person/marco-antonio-casanova,1
311,https://w3id.org/scholarlydata/person/dingyi-han,https://w3id.org/scholarlydata/person/jiawei-han,0
527,https://w3id.org/scholarlydata/person/saurav-sahay,https://w3id.org/scholarlydata/person/ratnesh-sahay,0
519,https://w3id.org/scholarlydata/person/carlos-rodriguez,https://w3id.org/scholarlydata/person/andrea-rodriguez,0
469,https://w3id.org/scholarlydata/person/ian-millard,https://w3id.org/scholarlydata/person/david-millard,0
306,https://w3id.org/scholarlydata/person/haijie-gu,https://w3id.org/scholarlydata/person/guofei-gu,0
656,https://w3id.org/scholarlydata/person/katsumi-tanaka,https://w3id.org/scholarlydata/person/yuzuru-tanaka,0
652,https://w3id.org/scholarlydata/person/tao-sun,https://w3id.org/scholarlydata/person/aixin-sun,0
377,https://w3id.org/scholarlydata/person/ayumi-kato,https://w3id.org/scholarlydata/person/makotop-kato,0
443,https://w3id.org/scholarlydata/person/sune-lehmann,https://w3id.org/scholarlydata/person/jens-lehmann,0
53,https://w3id.org/scholarlydata/person/robert-jaeschke,https://w3id.org/scholarlydata/person/robert-jaschke,1
47,https://w3id.org/scholarlydata/person/daniel-herzig,https://w3id.org/scholarlydata/person/danielm-herzig,1
111,https://w3id.org/scholarlydata/person/s-sertkaya,https://w3id.org/scholarlydata/person/baris-sertkaya,1
218,https://w3id.org/scholarlydata/person/stefan-decker,https://w3id.org/scholarlydata/person/hendrik-decker,0
604,https://w3id.org/scholarlydata/person/jatinder-singh,https://w3id.org/scholarlydata/person/amit-singh,0
684,https://w3id.org/scholarlydata/person/vania-vidal,https://w3id.org/scholarlydata/person/maria-esther-vidal,0
529,https://w3id.org/scholarlydata/person/roman-sandler,https://w3id.org/scholarlydata/person/mark-sandler,0
209,https://w3id.org/scholarlydata/person/cornelia-davis,https://w3id.org/scholarlydata/person/hugh-c-davis,0
412,https://w3id.org/scholarlydata/person/tobias-kuhn,https://w3id.org/scholarlydata/person/werner-kuhn,0
658,https://w3id.org/scholarlydata/person/jie-tang,https://w3id.org/scholarlydata/person/john-tang,0
132,https://w3id.org/scholarlydata/person/krysta-m-svore,https://w3id.org/scholarlydata/person/krysta-svore,1
288,https://w3id.org/scholarlydata/person/asuncion-gomez-perez,https://w3id.org/scholarlydata/person/jose-manuel-gomez-perez,0
290,https://w3id.org/scholarlydata/person/asuncion-gomez-perez,https://w3id.org/scholarlydata/person/jose-manuel-gomez-perez,0
496,https://w3id.org/scholarlydata/person/rachana-pandey,https://w3id.org/scholarlydata/person/sandeep-pandey,0
172,https://w3id.org/scholarlydata/person/rui-cai,https://w3id.org/scholarlydata/person/deng-cai,0
673,https://w3id.org/scholarlydata/person/matt-thompson,https://w3id.org/scholarlydata/person/bryan-thompson,0
661,https://w3id.org/scholarlydata/person/john-tang,https://w3id.org/scholarlydata/person/lei-tang,0
456,https://w3id.org/scholarlydata/person/clemens-martin,https://w3id.org/scholarlydata/person/david-martin,0
612,https://w3id.org/scholarlydata/person/fuqi-song,https://w3id.org/scholarlydata/person/ruihua-song,0
277,https://w3id.org/scholarlydata/person/alexandre-gerber,https://w3id.org/scholarlydata/person/daniel-gerber,0
103,https://w3id.org/scholarlydata/person/uli-sattler,https://w3id.org/scholarlydata/person/ulrike-sattler,1
696,https://w3id.org/scholarlydata/person/florian-wagner,https://w3id.org/scholarlydata/person/matthias-wagner,0
404,https://w3id.org/scholarlydata/person/amit-klein,https://w3id.org/scholarlydata/person/adrian-klein,0
49,https://w3id.org/scholarlydata/person/danielm-herzig,https://w3id.org/scholarlydata/person/daniel-herzig,1
248,https://w3id.org/scholarlydata/person/miriam-fernandez,https://w3id.org/scholarlydata/person/manuel-fernandez,0
669,https://w3id.org/scholarlydata/person/shu-tao,https://w3id.org/scholarlydata/person/ke-tao,0
316,https://w3id.org/scholarlydata/person/wook-shin-han,https://w3id.org/scholarlydata/person/jiawei-han,0
90,https://w3id.org/scholarlydata/person/andrea-nuzzolese,https://w3id.org/scholarlydata/person/andrea-giovanni-nuzzolese,1
100,https://w3id.org/scholarlydata/person/raphaelm-reischuk,https://w3id.org/scholarlydata/person/raphael-m-reischuk,1
106,https://w3id.org/scholarlydata/person/juan-f-sequeda,https://w3id.org/scholarlydata/person/juanf-sequeda,1
613,https://w3id.org/scholarlydata/person/fuqi-song,https://w3id.org/scholarlydata/person/shuangyong-song,0
175,https://w3id.org/scholarlydata/person/carlos-castillo,https://w3id.org/scholarlydata/person/simon-castillo,0
635,https://w3id.org/scholarlydata/person/nenad-stojanovic,https://w3id.org/scholarlydata/person/ljiljana-stojanovic,0
645,https://w3id.org/scholarlydata/person/gordon-sun,https://w3id.org/scholarlydata/person/chengzheng-sun,0
448,https://w3id.org/scholarlydata/person/chun-lu,https://w3id.org/scholarlydata/person/qin-lu,0
590,https://w3id.org/scholarlydata/person/xiaolin-shi,https://w3id.org/scholarlydata/person/shuming-shi,0
624,https://w3id.org/scholarlydata/person/claus-stadler,https://w3id.org/scholarlydata/person/rolf-stadler,0
386,https://w3id.org/scholarlydata/person/haklae-kim,https://w3id.org/scholarlydata/person/su-myeon-kim,0
282,https://w3id.org/scholarlydata/person/aman-goel,https://w3id.org/scholarlydata/person/sharad-goel,0
165,https://w3id.org/scholarlydata/person/christian-becker,https://w3id.org/scholarlydata/person/hila-becker,0
555,https://w3id.org/scholarlydata/person/nigel-r-shadbolt,https://w3id.org/scholarlydata/person/james-hendler,0
231,https://w3id.org/scholarlydata/person/anlei-dong,https://w3id.org/scholarlydata/person/guozhu-dong,0
315,https://w3id.org/scholarlydata/person/wook-shin-han,https://w3id.org/scholarlydata/person/dingyi-han,0
33,https://w3id.org/scholarlydata/person/isabel-cruz,https://w3id.org/scholarlydata/person/isabel-f-cruz,1
518,https://w3id.org/scholarlydata/person/andrea-rodriguez,https://w3id.org/scholarlydata/person/carlos-rodriguez,0
121,https://w3id.org/scholarlydata/person/fabian-m-suchanek,https://w3id.org/scholarlydata/person/fabian-suchanek,1
531,https://w3id.org/scholarlydata/person/kai-uwe-sattler,https://w3id.org/scholarlydata/person/ulrike-sattler,0
213,https://w3id.org/scholarlydata/person/hugh-c-davis,https://w3id.org/scholarlydata/person/joseph-davis,0
34,https://w3id.org/scholarlydata/person/isabel-f-cruz,https://w3id.org/scholarlydata/person/isabel-cruz,1
638,https://w3id.org/scholarlydata/person/aixin-sun,https://w3id.org/scholarlydata/person/jian-tao-sun,0
510,https://w3id.org/scholarlydata/person/cartic-ramakrishnan,https://w3id.org/scholarlydata/person/ganesh-ramakrishnan,0
682,https://w3id.org/scholarlydata/person/maria-esther-vidal,https://w3id.org/scholarlydata/person/vania-vidal,0
508,https://w3id.org/scholarlydata/person/hema-raghavan,https://w3id.org/scholarlydata/person/prabhakar-raghavan,0
664,https://w3id.org/scholarlydata/person/jia-tao,https://w3id.org/scholarlydata/person/ke-tao,0
188,https://w3id.org/scholarlydata/person/yun-chi,https://w3id.org/scholarlydata/person/ed-h-chi,0
462,https://w3id.org/scholarlydata/person/pablo-mendes,https://w3id.org/scholarlydata/person/emilia-mendes,0
271,https://w3id.org/scholarlydata/person/jose-maria-garcia,https://w3id.org/scholarlydata/person/juan-a-recio-garcia,0
296,https://w3id.org/scholarlydata/person/marcos-goncalves,https://w3id.org/scholarlydata/person/bruno-goncalves,0
452,https://w3id.org/scholarlydata/person/yue-lu,https://w3id.org/scholarlydata/person/chun-lu,0
89,https://w3id.org/scholarlydata/person/andrea-nuzzolese,https://w3id.org/scholarlydata/person/andrea-giovanni-nuzzolese,1
13,https://w3id.org/scholarlydata/person/amparo-e-cano,https://w3id.org/scholarlydata/person/amparo-e.-cano,1
272,https://w3id.org/scholarlydata/person/jose-maria-garcia,https://w3id.org/scholarlydata/person/roberto-garcia,0
18,https://w3id.org/scholarlydata/person/marco-antonio-casanova,https://w3id.org/scholarlydata/person/marco-a.-casanova,1
501,https://w3id.org/scholarlydata/person/wim-peters,https://w3id.org/scholarlydata/person/martin-peters,0
136,https://w3id.org/scholarlydata/person/jurgen-umbrich,https://w3id.org/scholarlydata/person/juergen-umbrich,1
382,https://w3id.org/scholarlydata/person/hak-kim,https://w3id.org/scholarlydata/person/hyunsun-kim,0
126,https://w3id.org/scholarlydata/person/fabian-suchanek,https://w3id.org/scholarlydata/person/fabian-m-suchanek,1
109,https://w3id.org/scholarlydata/person/baris-sertkaya,https://w3id.org/scholarlydata/person/s-sertkaya,1
381,https://w3id.org/scholarlydata/person/michael-kifer,https://w3id.org/scholarlydata/person/dan-kifer,0
575,https://w3id.org/scholarlydata/person/xuehua-shen,https://w3id.org/scholarlydata/person/yi-dong-shen,0
323,https://w3id.org/scholarlydata/person/wei-hu,https://w3id.org/scholarlydata/person/beibei-hu,0
202,https://w3id.org/scholarlydata/person/vincenzo-croce,https://w3id.org/scholarlydata/person/danilo-croce,0
553,https://w3id.org/scholarlydata/person/james-hendler,https://w3id.org/scholarlydata/person/nigel-shadbolt,0
581,https://w3id.org/scholarlydata/person/yi-dong-shen,https://w3id.org/scholarlydata/person/wei-shen,0
308,https://w3id.org/scholarlydata/person/miguel-esteban-gutierrez,https://w3id.org/scholarlydata/person/claudio-gutierrez,0
147,https://w3id.org/scholarlydata/person/p-t-wood,https://w3id.org/scholarlydata/person/peter-wood,1
43,https://w3id.org/scholarlydata/person/alasdair-gray,https://w3id.org/scholarlydata/person/alasdair-j-g-gray,1
317,https://w3id.org/scholarlydata/person/geert-jan-houben,https://w3id.org/scholarlydata/person/romee-houben,0
139,https://w3id.org/scholarlydata/person/willem-robert-van-hage,https://w3id.org/scholarlydata/person/willem-van-hage,1
580,https://w3id.org/scholarlydata/person/yi-dong-shen,https://w3id.org/scholarlydata/person/wei-shen,0
169,https://w3id.org/scholarlydata/person/guillaume-blin,https://w3id.org/scholarlydata/person/romain-blin,0
16,https://w3id.org/scholarlydata/person/marco-a.-casanova,https://w3id.org/scholarlydata/person/marco-antonio-casanova,1
672,https://w3id.org/scholarlydata/person/bryan-thompson,https://w3id.org/scholarlydata/person/matt-thompson,0
563,https://w3id.org/scholarlydata/person/dou-shen,https://w3id.org/scholarlydata/person/xuehua-shen,0
538,https://w3id.org/scholarlydata/person/michael-schneider,https://w3id.org/scholarlydata/person/patrik-schneider,0
170,https://w3id.org/scholarlydata/person/romain-blin,https://w3id.org/scholarlydata/person/guillaume-blin,0
222,https://w3id.org/scholarlydata/person/fernando-diaz,https://w3id.org/scholarlydata/person/oscar-diaz,0
48,https://w3id.org/scholarlydata/person/daniel-herzig,https://w3id.org/scholarlydata/person/danielm-herzig,1
85,https://w3id.org/scholarlydata/person/francesco-nucci,https://w3id.org/scholarlydata/person/francesco-saverio-nucci,1
579,https://w3id.org/scholarlydata/person/yi-dong-shen,https://w3id.org/scholarlydata/person/dou-shen,0
467,https://w3id.org/scholarlydata/person/vincent-michel,https://w3id.org/scholarlydata/person/felix-michel,0
279,https://w3id.org/scholarlydata/person/arpita-ghosh,https://w3id.org/scholarlydata/person/saptarshi-ghosh,0
325,https://w3id.org/scholarlydata/person/wei-hu,https://w3id.org/scholarlydata/person/yunhua-hu,0
251,https://w3id.org/scholarlydata/person/michael-fink,https://w3id.org/scholarlydata/person/eleanor-fink,0
561,https://w3id.org/scholarlydata/person/naveen-kumar-sharma,https://w3id.org/scholarlydata/person/ashutosh-jagdish-sharma,0
502,https://w3id.org/scholarlydata/person/alexandre-miguel-pinto,https://w3id.org/scholarlydata/person/h-sofia-pinto,0
514,https://w3id.org/scholarlydata/person/xu-ren,https://w3id.org/scholarlydata/person/yuan-ren,0
112,https://w3id.org/scholarlydata/person/s-sertkaya,https://w3id.org/scholarlydata/person/baris-sertkaya,1
266,https://w3id.org/scholarlydata/person/andre-freitas,https://w3id.org/scholarlydata/person/fred-freitas,0
479,https://w3id.org/scholarlydata/person/yamir-moreno,https://w3id.org/scholarlydata/person/andres-moreno,0
546,https://w3id.org/scholarlydata/person/dan-scott,https://w3id.org/scholarlydata/person/tom-scott,0
414,https://w3id.org/scholarlydata/person/arun-kumar,https://w3id.org/scholarlydata/person/ravi-kumar,0
460,https://w3id.org/scholarlydata/person/emilia-mendes,https://w3id.org/scholarlydata/person/pablo-mendes,0
494,https://w3id.org/scholarlydata/person/guillermo-palma,https://w3id.org/scholarlydata/person/raul-palma,0
694,https://w3id.org/scholarlydata/person/florian-wagner,https://w3id.org/scholarlydata/person/andreas-wagner,0
36,https://w3id.org/scholarlydata/person/daniele-dellaglio,https://w3id.org/scholarlydata/person/aglio,1
565,https://w3id.org/scholarlydata/person/dou-shen,https://w3id.org/scholarlydata/person/yi-dong-shen,0
398,https://w3id.org/scholarlydata/person/su-nam-kim,https://w3id.org/scholarlydata/person/hyunsun-kim,0
214,https://w3id.org/scholarlydata/person/joseph-davis,https://w3id.org/scholarlydata/person/brian-davis,0
435,https://w3id.org/scholarlydata/person/janette-lehmann,https://w3id.org/scholarlydata/person/sune-lehmann,0
679,https://w3id.org/scholarlydata/person/thanh-tran,https://w3id.org/scholarlydata/person/khoi-nguyen-tran,0
19,https://w3id.org/scholarlydata/person/marco-antonio-casanova,https://w3id.org/scholarlydata/person/marco-a.-casanova,1
605,https://w3id.org/scholarlydata/person/jatinder-singh,https://w3id.org/scholarlydata/person/gyanit-singh,0
461,https://w3id.org/scholarlydata/person/emilia-mendes,https://w3id.org/scholarlydata/person/pablo-n-mendes,0
500,https://w3id.org/scholarlydata/person/martin-peters,https://w3id.org/scholarlydata/person/wim-peters,0
304,https://w3id.org/scholarlydata/person/stephan-grimm,https://w3id.org/scholarlydata/person/ruediger-grimm,0
487,https://w3id.org/scholarlydata/person/thomas-neumann,https://w3id.org/scholarlydata/person/marco-neumann,0
683,https://w3id.org/scholarlydata/person/maria-esther-vidal,https://w3id.org/scholarlydata/person/vania-vidal,0
191,https://w3id.org/scholarlydata/person/chin-wan-chung,https://w3id.org/scholarlydata/person/jay-kuan-chieh-chung,0
183,https://w3id.org/scholarlydata/person/soumen-chakrabarti,https://w3id.org/scholarlydata/person/deepayan-chakrabarti,0
230,https://w3id.org/scholarlydata/person/juergen-dix,https://w3id.org/scholarlydata/person/alan-dix,0
603,https://w3id.org/scholarlydata/person/gyanit-singh,https://w3id.org/scholarlydata/person/kapil-singh,0
526,https://w3id.org/scholarlydata/person/ratnesh-sahay,https://w3id.org/scholarlydata/person/saurav-sahay,0
159,https://w3id.org/scholarlydata/person/ioannis-antoniou,https://w3id.org/scholarlydata/person/grigoris-antoniou,0
659,https://w3id.org/scholarlydata/person/jie-tang,https://w3id.org/scholarlydata/person/lei-tang,0
545,https://w3id.org/scholarlydata/person/thomas-schneider,https://w3id.org/scholarlydata/person/patrik-schneider,0
351,https://w3id.org/scholarlydata/person/jing-jiang,https://w3id.org/scholarlydata/person/xueyan-jiang,0
298,https://w3id.org/scholarlydata/person/thomas-gottron,https://w3id.org/scholarlydata/person/christian-gottron,0
164,https://w3id.org/scholarlydata/person/matthias-bauer,https://w3id.org/scholarlydata/person/bernhard-bauer,0
655,https://w3id.org/scholarlydata/person/tao-sun,https://w3id.org/scholarlydata/person/jian-tao-sun,0
83,https://w3id.org/scholarlydata/person/lyndon-nixon,https://w3id.org/scholarlydata/person/lyndon-j-b-nixon,1
599,https://w3id.org/scholarlydata/person/amit-singh,https://w3id.org/scholarlydata/person/jatinder-singh,0
634,https://w3id.org/scholarlydata/person/nenad-stojanovic,https://w3id.org/scholarlydata/person/ljiljana-stojanovic,0
31,https://w3id.org/scholarlydata/person/fabio-cozman,https://w3id.org/scholarlydata/person/fabio-gagliardi-cozman,1
573,https://w3id.org/scholarlydata/person/xuehua-shen,https://w3id.org/scholarlydata/person/wei-shen,0
691,https://w3id.org/scholarlydata/person/claudia-wagner,https://w3id.org/scholarlydata/person/andreas-wagner,0
366,https://w3id.org/scholarlydata/person/xuxian-jiang,https://w3id.org/scholarlydata/person/jingtian-jiang,0
140,https://w3id.org/scholarlydata/person/willem-robert-van-hage,https://w3id.org/scholarlydata/person/willem-van-hage,1
12,https://w3id.org/scholarlydata/person/lorenz-buhmann,https://w3id.org/scholarlydata/person/lorenz-buehmann,1
263,https://w3id.org/scholarlydata/person/dayne-freitag,https://w3id.org/scholarlydata/person/markus-freitag,0
608,https://w3id.org/scholarlydata/person/kapil-singh,https://w3id.org/scholarlydata/person/gyanit-singh,0
283,https://w3id.org/scholarlydata/person/ashish-goel,https://w3id.org/scholarlydata/person/aman-goel,0
495,https://w3id.org/scholarlydata/person/raul-palma,https://w3id.org/scholarlydata/person/guillermo-palma,0
372,https://w3id.org/scholarlydata/person/amit-joshi,https://w3id.org/scholarlydata/person/parag-joshi,0
445,https://w3id.org/scholarlydata/person/david-lewis,https://w3id.org/scholarlydata/person/neal-lewis,0
38,https://w3id.org/scholarlydata/person/claudiu-s-firan,https://w3id.org/scholarlydata/person/claudiu-firan,1
264,https://w3id.org/scholarlydata/person/markus-freitag,https://w3id.org/scholarlydata/person/dayne-freitag,0
427,https://w3id.org/scholarlydata/person/claudia-lehmann,https://w3id.org/scholarlydata/person/sune-lehmann,0
499,https://w3id.org/scholarlydata/person/nish-parikh,https://w3id.org/scholarlydata/person/harshil-parikh,0
4,https://w3id.org/scholarlydata/person/grigoris-antoniou,https://w3id.org/scholarlydata/person/gregoris-antoniou,1
332,https://w3id.org/scholarlydata/person/carlos-a-iglesias,https://w3id.org/scholarlydata/person/miguel-iglesias,0
9,https://w3id.org/scholarlydata/person/soren-auer,https://w3id.org/scholarlydata/person/soeren-auer,1
621,https://w3id.org/scholarlydata/person/yang-song,https://w3id.org/scholarlydata/person/fuqi-song,0
80,https://w3id.org/scholarlydata/person/dmitry-muromtsev,https://w3id.org/scholarlydata/person/dmitry-mouromtsev,1
257,https://w3id.org/scholarlydata/person/brendan-fong,https://w3id.org/scholarlydata/person/calvin-fong,0
530,https://w3id.org/scholarlydata/person/kai-uwe-sattler,https://w3id.org/scholarlydata/person/uli-sattler,0
536,https://w3id.org/scholarlydata/person/jodi-schneider,https://w3id.org/scholarlydata/person/thomas-schneider,0
676,https://w3id.org/scholarlydata/person/khoi-nguyen-tran,https://w3id.org/scholarlydata/person/thanh-tran,0
217,https://w3id.org/scholarlydata/person/hendrik-decker,https://w3id.org/scholarlydata/person/stefan-decker,0
550,https://w3id.org/scholarlydata/person/james-hendler,https://w3id.org/scholarlydata/person/nigel-r-shadbolt,0
75,https://w3id.org/scholarlydata/person/pablo-mendes,https://w3id.org/scholarlydata/person/pablo-n-mendes,1
540,https://w3id.org/scholarlydata/person/patrik-schneider,https://w3id.org/scholarlydata/person/jodi-schneider,0
600,https://w3id.org/scholarlydata/person/amit-singh,https://w3id.org/scholarlydata/person/kapil-singh,0
327,https://w3id.org/scholarlydata/person/xia-hu,https://w3id.org/scholarlydata/person/wei-hu,0
338,https://w3id.org/scholarlydata/person/daxin-jiang,https://w3id.org/scholarlydata/person/guoqian-jiang,0
666,https://w3id.org/scholarlydata/person/ke-tao,https://w3id.org/scholarlydata/person/jia-tao,0
270,https://w3id.org/scholarlydata/person/linyun-fu,https://w3id.org/scholarlydata/person/bo-fu,0
572,https://w3id.org/scholarlydata/person/xuehua-shen,https://w3id.org/scholarlydata/person/dou-shen,0
300,https://w3id.org/scholarlydata/person/paul-grimm,https://w3id.org/scholarlydata/person/stephan-grimm,0
186,https://w3id.org/scholarlydata/person/stuart-charlton,https://w3id.org/scholarlydata/person/eric-charlton,0
26,https://w3id.org/scholarlydata/person/pernhui-chia,https://w3id.org/scholarlydata/person/pern-hui-chia,1
324,https://w3id.org/scholarlydata/person/wei-hu,https://w3id.org/scholarlydata/person/xia-hu,0
665,https://w3id.org/scholarlydata/person/jia-tao,https://w3id.org/scholarlydata/person/shu-tao,0
470,https://w3id.org/scholarlydata/person/alain-mille,https://w3id.org/scholarlydata/person/simon-mille,0
216,https://w3id.org/scholarlydata/person/joseph-davis,https://w3id.org/scholarlydata/person/hugh-c-davis,0
465,https://w3id.org/scholarlydata/person/takis-metaxas,https://w3id.org/scholarlydata/person/panagiotis-metaxas,0
212,https://w3id.org/scholarlydata/person/hugh-c-davis,https://w3id.org/scholarlydata/person/cornelia-davis,0
314,https://w3id.org/scholarlydata/person/jiawei-han,https://w3id.org/scholarlydata/person/wook-shin-han,0
388,https://w3id.org/scholarlydata/person/hyunsun-kim,https://w3id.org/scholarlydata/person/hak-kim,0
294,https://w3id.org/scholarlydata/person/jose-manuel-gomez-perez,https://w3id.org/scholarlydata/person/asuncion-gomez-perez,0
641,https://w3id.org/scholarlydata/person/chengzheng-sun,https://w3id.org/scholarlydata/person/gordon-sun,0
668,https://w3id.org/scholarlydata/person/shu-tao,https://w3id.org/scholarlydata/person/jia-tao,0
503,https://w3id.org/scholarlydata/person/alexandre-miguel-pinto,https://w3id.org/scholarlydata/person/helena-sofia-pinto,0
5,https://w3id.org/scholarlydata/person/ghislain-atemezing,https://w3id.org/scholarlydata/person/ghislain-auguste-atemezing,1
174,https://w3id.org/scholarlydata/person/ricardo-campos,https://w3id.org/scholarlydata/person/maria-luiza-campos,0
380,https://w3id.org/scholarlydata/person/dan-kifer,https://w3id.org/scholarlydata/person/michael-kifer,0
79,https://w3id.org/scholarlydata/person/dmitry-mouromtsev,https://w3id.org/scholarlydata/person/dmitry-muromtsev,1
369,https://w3id.org/scholarlydata/person/marggie-jones,https://w3id.org/scholarlydata/person/gareth-jones,0
69,https://w3id.org/scholarlydata/person/ryan-n-lichtenwalter,https://w3id.org/scholarlydata/person/ryann-lichtenwalter,1
39,https://w3id.org/scholarlydata/person/alfio-gliozzo,https://w3id.org/scholarlydata/person/alfio-massimiliano-gliozzo,1
413,https://w3id.org/scholarlydata/person/werner-kuhn,https://w3id.org/scholarlydata/person/tobias-kuhn,0
616,https://w3id.org/scholarlydata/person/ruihua-song,https://w3id.org/scholarlydata/person/shuangyong-song,0
119,https://w3id.org/scholarlydata/person/l-venkata-subramaniam,https://w3id.org/scholarlydata/person/l-v-subramaniam,1
667,https://w3id.org/scholarlydata/person/ke-tao,https://w3id.org/scholarlydata/person/shu-tao,0
420,https://w3id.org/scholarlydata/person/dave-lambert,https://w3id.org/scholarlydata/person/peter-lambert,0
328,https://w3id.org/scholarlydata/person/xia-hu,https://w3id.org/scholarlydata/person/yunhua-hu,0
124,https://w3id.org/scholarlydata/person/fabian-m-suchanek,https://w3id.org/scholarlydata/person/fabianm-suchanek,1
675,https://w3id.org/scholarlydata/person/marcos-torres,https://w3id.org/scholarlydata/person/diego-torres,0
333,https://w3id.org/scholarlydata/person/miguel-iglesias,https://w3id.org/scholarlydata/person/carlos-a-iglesias,0
489,https://w3id.org/scholarlydata/person/vincent-ng,https://w3id.org/scholarlydata/person/hwee-tou-ng,0
478,https://w3id.org/scholarlydata/person/yamir-moreno,https://w3id.org/scholarlydata/person/andres-moreno,0
423,https://w3id.org/scholarlydata/person/marie-lefevre,https://w3id.org/scholarlydata/person/kristen-lefevre,0
506,https://w3id.org/scholarlydata/person/helena-sofia-pinto,https://w3id.org/scholarlydata/person/alexandre-miguel-pinto,0
405,https://w3id.org/scholarlydata/person/amit-klein,https://w3id.org/scholarlydata/person/michael-klein,0
568,https://w3id.org/scholarlydata/person/wei-shen,https://w3id.org/scholarlydata/person/xuehua-shen,0
374,https://w3id.org/scholarlydata/person/jaewoo-kang,https://w3id.org/scholarlydata/person/jeon-hyung-kang,0
17,https://w3id.org/scholarlydata/person/marco-a.-casanova,https://w3id.org/scholarlydata/person/marco-casanova,1
274,https://w3id.org/scholarlydata/person/juan-a-recio-garcia,https://w3id.org/scholarlydata/person/roberto-garcia,0
152,https://w3id.org/scholarlydata/person/gaurav-aggarwal,https://w3id.org/scholarlydata/person/charu-aggarwal,0
541,https://w3id.org/scholarlydata/person/patrik-schneider,https://w3id.org/scholarlydata/person/michael-schneider,0
498,https://w3id.org/scholarlydata/person/harshil-parikh,https://w3id.org/scholarlydata/person/nish-parikh,0
387,https://w3id.org/scholarlydata/person/haklae-kim,https://w3id.org/scholarlydata/person/su-nam-kim,0
253,https://w3id.org/scholarlydata/person/peter-fischer,https://w3id.org/scholarlydata/person/simon-fischer,0
525,https://w3id.org/scholarlydata/person/david-ruiz,https://w3id.org/scholarlydata/person/carlos-ruiz,0
281,https://w3id.org/scholarlydata/person/aman-goel,https://w3id.org/scholarlydata/person/ashish-goel,0
611,https://w3id.org/scholarlydata/person/maria-smyth,https://w3id.org/scholarlydata/person/barry-smyth,0
243,https://w3id.org/scholarlydata/person/javierd-fernandez,https://w3id.org/scholarlydata/person/manuel-fernandez,0
24,https://w3id.org/scholarlydata/person/marco-casanova,https://w3id.org/scholarlydata/person/marco-antonio-casanova,1
189,https://w3id.org/scholarlydata/person/ryan-h-choi,https://w3id.org/scholarlydata/person/yejin-choi,0
40,https://w3id.org/scholarlydata/person/alfio-massimiliano-gliozzo,https://w3id.org/scholarlydata/person/alfio-gliozzo,1
532,https://w3id.org/scholarlydata/person/uli-sattler,https://w3id.org/scholarlydata/person/kai-uwe-sattler,0
583,https://w3id.org/scholarlydata/person/yi-dong-shen,https://w3id.org/scholarlydata/person/xuehua-shen,0
46,https://w3id.org/scholarlydata/person/alasdair-j-g-gray,https://w3id.org/scholarlydata/person/alasdair-gray,1
326,https://w3id.org/scholarlydata/person/xia-hu,https://w3id.org/scholarlydata/person/beibei-hu,0
108,https://w3id.org/scholarlydata/person/juanf-sequeda,https://w3id.org/scholarlydata/person/juan-f-sequeda,1
284,https://w3id.org/scholarlydata/person/ashish-goel,https://w3id.org/scholarlydata/person/sharad-goel,0
102,https://w3id.org/scholarlydata/person/benedicto-rodriguez,https://w3id.org/scholarlydata/person/bene-rodriguez-castro,1
133,https://w3id.org/scholarlydata/person/krysta-svore,https://w3id.org/scholarlydata/person/krysta-m-svore,1
118,https://w3id.org/scholarlydata/person/l-v-subramaniam,https://w3id.org/scholarlydata/person/l-venkata-subramaniam,1
551,https://w3id.org/scholarlydata/person/james-hendler,https://w3id.org/scholarlydata/person/nigel-r-shadbolt,0
125,https://w3id.org/scholarlydata/person/fabian-suchanek,https://w3id.org/scholarlydata/person/fabian-m-suchanek,1
163,https://w3id.org/scholarlydata/person/bernhard-bauer,https://w3id.org/scholarlydata/person/matthias-bauer,0
483,https://w3id.org/scholarlydata/person/guenter-neumann,https://w3id.org/scholarlydata/person/thomas-neumann,0
146,https://w3id.org/scholarlydata/person/ryen-white,https://w3id.org/scholarlydata/person/ryen-w-white,1
602,https://w3id.org/scholarlydata/person/gyanit-singh,https://w3id.org/scholarlydata/person/jatinder-singh,0
70,https://w3id.org/scholarlydata/person/ryann-lichtenwalter,https://w3id.org/scholarlydata/person/ryan-n-lichtenwalter,1
303,https://w3id.org/scholarlydata/person/stephan-grimm,https://w3id.org/scholarlydata/person/paul-grimm,0
464,https://w3id.org/scholarlydata/person/panagiotis-metaxas,https://w3id.org/scholarlydata/person/takis-metaxas,0
566,https://w3id.org/scholarlydata/person/dou-shen,https://w3id.org/scholarlydata/person/yi-dong-shen,0
375,https://w3id.org/scholarlydata/person/jeon-hyung-kang,https://w3id.org/scholarlydata/person/jaewoo-kang,0
477,https://w3id.org/scholarlydata/person/andres-moreno,https://w3id.org/scholarlydata/person/yamir-moreno,0
662,https://w3id.org/scholarlydata/person/lei-tang,https://w3id.org/scholarlydata/person/jie-tang,0
35,https://w3id.org/scholarlydata/person/aglio,https://w3id.org/scholarlydata/person/daniele-dellaglio,1
657,https://w3id.org/scholarlydata/person/yuzuru-tanaka,https://w3id.org/scholarlydata/person/katsumi-tanaka,0
223,https://w3id.org/scholarlydata/person/oscar-diaz,https://w3id.org/scholarlydata/person/alicia-diaz,0
101,https://w3id.org/scholarlydata/person/bene-rodriguez-castro,https://w3id.org/scholarlydata/person/benedicto-rodriguez,1
422,https://w3id.org/scholarlydata/person/kristen-lefevre,https://w3id.org/scholarlydata/person/marie-lefevre,0
210,https://w3id.org/scholarlydata/person/cornelia-davis,https://w3id.org/scholarlydata/person/joseph-davis,0
424,https://w3id.org/scholarlydata/person/claudia-lehmann,https://w3id.org/scholarlydata/person/franz-lehmann,0
199,https://w3id.org/scholarlydata/person/charles-clarke,https://w3id.org/scholarlydata/person/chris-clarke,0
535,https://w3id.org/scholarlydata/person/jodi-schneider,https://w3id.org/scholarlydata/person/patrik-schneider,0
92,https://w3id.org/scholarlydata/person/peter-patel-schneider,https://w3id.org/scholarlydata/person/p-f-patel-schneider,1
239,https://w3id.org/scholarlydata/person/xin-fan,https://w3id.org/scholarlydata/person/james-fan,0
256,https://w3id.org/scholarlydata/person/william-fletcher,https://w3id.org/scholarlydata/person/george-h-l-fletcher,0
505,https://w3id.org/scholarlydata/person/h-sofia-pinto,https://w3id.org/scholarlydata/person/alexandre-miguel-pinto,0
360,https://w3id.org/scholarlydata/person/xueyan-jiang,https://w3id.org/scholarlydata/person/jing-jiang,0
517,https://w3id.org/scholarlydata/person/giuseppe-rizzo1,https://w3id.org/scholarlydata/person/giuseppe-rizzo,0
614,https://w3id.org/scholarlydata/person/fuqi-song,https://w3id.org/scholarlydata/person/yang-song,0
30,https://w3id.org/scholarlydata/person/oscar-corcho,https://w3id.org/scholarlydata/person/Oscar-corcho,1
29,https://w3id.org/scholarlydata/person/oscar-corcho,https://w3id.org/scholarlydata/person/Oscar-corcho,1
138,https://w3id.org/scholarlydata/person/alejandro-vaisman,https://w3id.org/scholarlydata/person/alejandro-a-vaisman,1
246,https://w3id.org/scholarlydata/person/manuel-fernandez,https://w3id.org/scholarlydata/person/miriam-fernandez,0
647,https://w3id.org/scholarlydata/person/gordon-sun,https://w3id.org/scholarlydata/person/tao-sun,0
115,https://w3id.org/scholarlydata/person/elena-paslaru-bontas-simperl,https://w3id.org/scholarlydata/person/elena-simperl,1
620,https://w3id.org/scholarlydata/person/shuangyong-song,https://w3id.org/scholarlydata/person/yang-song,0
114,https://w3id.org/scholarlydata/person/nigel-shadbolt,https://w3id.org/scholarlydata/person/nigel-r-shadbolt,1
468,https://w3id.org/scholarlydata/person/david-millard,https://w3id.org/scholarlydata/person/ian-millard,0
113,https://w3id.org/scholarlydata/person/nigel-r-shadbolt,https://w3id.org/scholarlydata/person/nigel-shadbolt,1
606,https://w3id.org/scholarlydata/person/jatinder-singh,https://w3id.org/scholarlydata/person/kapil-singh,0
350,https://w3id.org/scholarlydata/person/jing-jiang,https://w3id.org/scholarlydata/person/jingtian-jiang,0
418,https://w3id.org/scholarlydata/person/vikash-kumar,https://w3id.org/scholarlydata/person/arun-kumar,0
379,https://w3id.org/scholarlydata/person/makotop-kato,https://w3id.org/scholarlydata/person/ayumi-kato,0
78,https://w3id.org/scholarlydata/person/daniel-p-miranker,https://w3id.org/scholarlydata/person/daniel-miranker,1
157,https://w3id.org/scholarlydata/person/grigoris-antoniou,https://w3id.org/scholarlydata/person/ioannis-antoniou,0
419,https://w3id.org/scholarlydata/person/vikash-kumar,https://w3id.org/scholarlydata/person/ravi-kumar,0
451,https://w3id.org/scholarlydata/person/qin-lu,https://w3id.org/scholarlydata/person/yue-lu,0
457,https://w3id.org/scholarlydata/person/david-martin,https://w3id.org/scholarlydata/person/clemens-martin,0
523,https://w3id.org/scholarlydata/person/tobias-roth,https://w3id.org/scholarlydata/person/camille-roth,0
131,https://w3id.org/scholarlydata/person/krysta-m-svore,https://w3id.org/scholarlydata/person/krysta-svore,1
622,https://w3id.org/scholarlydata/person/yang-song,https://w3id.org/scholarlydata/person/ruihua-song,0
144,https://w3id.org/scholarlydata/person/johanna-volker,https://w3id.org/scholarlydata/person/johanna-voelker,1
297,https://w3id.org/scholarlydata/person/christian-gottron,https://w3id.org/scholarlydata/person/thomas-gottron,0
569,https://w3id.org/scholarlydata/person/wei-shen,https://w3id.org/scholarlydata/person/yi-dong-shen,0
177,https://w3id.org/scholarlydata/person/harold-castro,https://w3id.org/scholarlydata/person/joao-castro,0
148,https://w3id.org/scholarlydata/person/peter-wood,https://w3id.org/scholarlydata/person/p-t-wood,1
595,https://w3id.org/scholarlydata/person/kiril-simov,https://w3id.org/scholarlydata/person/alex-simov,0
193,https://w3id.org/scholarlydata/person/kendall-clark,https://w3id.org/scholarlydata/person/lin-clark,0
11,https://w3id.org/scholarlydata/person/lorenz-buehmann,https://w3id.org/scholarlydata/person/lorenz-buhmann,1
455,https://w3id.org/scholarlydata/person/kevin-maher,https://w3id.org/scholarlydata/person/bridget-maher,0
571,https://w3id.org/scholarlydata/person/wei-shen,https://w3id.org/scholarlydata/person/yi-dong-shen,0
120,https://w3id.org/scholarlydata/person/l-venkata-subramaniam,https://w3id.org/scholarlydata/person/l-v-subramaniam,1
211,https://w3id.org/scholarlydata/person/hugh-c-davis,https://w3id.org/scholarlydata/person/brian-davis,0
633,https://w3id.org/scholarlydata/person/nenad-stojanovic,https://w3id.org/scholarlydata/person/ljiljana-stojanovic,0
548,https://w3id.org/scholarlydata/person/prithviraj-sen,https://w3id.org/scholarlydata/person/subhabrata-sen,0
681,https://w3id.org/scholarlydata/person/maria-esther-vidal,https://w3id.org/scholarlydata/person/vania-vidal,0
601,https://w3id.org/scholarlydata/person/gyanit-singh,https://w3id.org/scholarlydata/person/amit-singh,0
158,https://w3id.org/scholarlydata/person/ioannis-antoniou,https://w3id.org/scholarlydata/person/gregoris-antoniou,0
349,https://w3id.org/scholarlydata/person/jing-jiang,https://w3id.org/scholarlydata/person/guoqian-jiang,0
578,https://w3id.org/scholarlydata/person/yi-dong-shen,https://w3id.org/scholarlydata/person/dou-shen,0
56,https://w3id.org/scholarlydata/person/makotop-kato,https://w3id.org/scholarlydata/person/makoto-p-kato,1
219,https://w3id.org/scholarlydata/person/alicia-diaz,https://w3id.org/scholarlydata/person/fernando-diaz,0
628,https://w3id.org/scholarlydata/person/ljiljana-stojanovic,https://w3id.org/scholarlydata/person/nenad-stojanovic,0
252,https://w3id.org/scholarlydata/person/michael-fink,https://w3id.org/scholarlydata/person/eleanor-fink,0
428,https://w3id.org/scholarlydata/person/franz-lehmann,https://w3id.org/scholarlydata/person/claudia-lehmann,0
166,https://w3id.org/scholarlydata/person/hila-becker,https://w3id.org/scholarlydata/person/christian-becker,0
430,https://w3id.org/scholarlydata/person/franz-lehmann,https://w3id.org/scholarlydata/person/jens-lehmann,0
678,https://w3id.org/scholarlydata/person/thanh-tran,https://w3id.org/scholarlydata/person/khoi-nguyen-tran,0
82,https://w3id.org/scholarlydata/person/lyndon-j-b-nixon,https://w3id.org/scholarlydata/person/lyndon-nixon,1
301,https://w3id.org/scholarlydata/person/ruediger-grimm,https://w3id.org/scholarlydata/person/paul-grimm,0
292,https://w3id.org/scholarlydata/person/jose-manuel-gomez-perez,https://w3id.org/scholarlydata/person/asuncion-gomez-perez,0
631,https://w3id.org/scholarlydata/person/ljiljana-stojanovic,https://w3id.org/scholarlydata/person/nenad-stojanovic,0
287,https://w3id.org/scholarlydata/person/asuncion-gomez-perez,https://w3id.org/scholarlydata/person/jose-manuel-gomez-perez,0
547,https://w3id.org/scholarlydata/person/tom-scott,https://w3id.org/scholarlydata/person/dan-scott,0
221,https://w3id.org/scholarlydata/person/fernando-diaz,https://w3id.org/scholarlydata/person/alicia-diaz,0
597,https://w3id.org/scholarlydata/person/ross-singer,https://w3id.org/scholarlydata/person/philipp-singer,0
95,https://w3id.org/scholarlydata/person/helena-sofia-pinto,https://w3id.org/scholarlydata/person/h-sofia-pinto,1
45,https://w3id.org/scholarlydata/person/alasdair-j-g-gray,https://w3id.org/scholarlydata/person/alasdair-gray,1
560,https://w3id.org/scholarlydata/person/naveen-kumar-sharma,https://w3id.org/scholarlydata/person/ashutosh-jagdish-sharma,0
692,https://w3id.org/scholarlydata/person/claudia-wagner,https://w3id.org/scholarlydata/person/florian-wagner,0
352,https://w3id.org/scholarlydata/person/jing-jiang,https://w3id.org/scholarlydata/person/xuxian-jiang,0
371,https://w3id.org/scholarlydata/person/patrick-jordan,https://w3id.org/scholarlydata/person/katrin-jordan,0
275,https://w3id.org/scholarlydata/person/roberto-garcia,https://w3id.org/scholarlydata/person/jose-maria-garcia,0
442,https://w3id.org/scholarlydata/person/sune-lehmann,https://w3id.org/scholarlydata/person/janette-lehmann,0
399,https://w3id.org/scholarlydata/person/su-nam-kim,https://w3id.org/scholarlydata/person/su-myeon-kim,0
278,https://w3id.org/scholarlydata/person/daniel-gerber,https://w3id.org/scholarlydata/person/alexandre-gerber,0
476,https://w3id.org/scholarlydata/person/andres-moreno,https://w3id.org/scholarlydata/person/yamir-moreno,0
310,https://w3id.org/scholarlydata/person/wendy-hall,https://w3id.org/scholarlydata/person/mark-hall,0
330,https://w3id.org/scholarlydata/person/yunhua-hu,https://w3id.org/scholarlydata/person/wei-hu,0
482,https://w3id.org/scholarlydata/person/guenter-neumann,https://w3id.org/scholarlydata/person/marco-neumann,0
254,https://w3id.org/scholarlydata/person/simon-fischer,https://w3id.org/scholarlydata/person/peter-fischer,0
450,https://w3id.org/scholarlydata/person/qin-lu,https://w3id.org/scholarlydata/person/chun-lu,0
74,https://w3id.org/scholarlydata/person/john-p-mccrae,https://w3id.org/scholarlydata/person/john-mccrae,1
273,https://w3id.org/scholarlydata/person/juan-a-recio-garcia,https://w3id.org/scholarlydata/person/jose-maria-garcia,0
403,https://w3id.org/scholarlydata/person/adrian-klein,https://w3id.org/scholarlydata/person/michael-klein,0
629,https://w3id.org/scholarlydata/person/ljiljana-stojanovic,https://w3id.org/scholarlydata/person/nenad-stojanovic,0
21,https://w3id.org/scholarlydata/person/marco-antonio-casanova,https://w3id.org/scholarlydata/person/marco-casanova,1
64,https://w3id.org/scholarlydata/person/markus-krotzsch,https://w3id.org/scholarlydata/person/markus-kroetzsch,1
305,https://w3id.org/scholarlydata/person/guofei-gu,https://w3id.org/scholarlydata/person/haijie-gu,0
365,https://w3id.org/scholarlydata/person/xuxian-jiang,https://w3id.org/scholarlydata/person/jing-jiang,0
180,https://w3id.org/scholarlydata/person/deepayan-chakrabarti,https://w3id.org/scholarlydata/person/soumen-chakrabarti,0
161,https://w3id.org/scholarlydata/person/jie-bao,https://w3id.org/scholarlydata/person/shenghua-bao,0
262,https://w3id.org/scholarlydata/person/carolina-fortuna,https://w3id.org/scholarlydata/person/blaz-fortuna,0
162,https://w3id.org/scholarlydata/person/shenghua-bao,https://w3id.org/scholarlydata/person/jie-bao,0
341,https://w3id.org/scholarlydata/person/daxin-jiang,https://w3id.org/scholarlydata/person/xueyan-jiang,0
267,https://w3id.org/scholarlydata/person/fred-freitas,https://w3id.org/scholarlydata/person/andre-freitas,0
552,https://w3id.org/scholarlydata/person/james-hendler,https://w3id.org/scholarlydata/person/nigel-shadbolt,0
128,https://w3id.org/scholarlydata/person/fabianm-suchanek,https://w3id.org/scholarlydata/person/fabian-m-suchanek,1
689,https://w3id.org/scholarlydata/person/andreas-wagner,https://w3id.org/scholarlydata/person/florian-wagner,0
15,https://w3id.org/scholarlydata/person/marco-a.-casanova,https://w3id.org/scholarlydata/person/marco-antonio-casanova,1
155,https://w3id.org/scholarlydata/person/gregoris-antoniou,https://w3id.org/scholarlydata/person/ioannis-antoniou,0
182,https://w3id.org/scholarlydata/person/kaushik-chakrabarti,https://w3id.org/scholarlydata/person/soumen-chakrabarti,0
150,https://w3id.org/scholarlydata/person/sudhir-agarwal,https://w3id.org/scholarlydata/person/deepak-agarwal,0
130,https://w3id.org/scholarlydata/person/fabianm-suchanek,https://w3id.org/scholarlydata/person/fabian-suchanek,1
582,https://w3id.org/scholarlydata/person/yi-dong-shen,https://w3id.org/scholarlydata/person/wei-shen,0
134,https://w3id.org/scholarlydata/person/krysta-svore,https://w3id.org/scholarlydata/person/krysta-m-svore,1
242,https://w3id.org/scholarlydata/person/dieter-fensel,https://w3id.org/scholarlydata/person/anna-fensel,0
73,https://w3id.org/scholarlydata/person/john-p-mccrae,https://w3id.org/scholarlydata/person/john-mccrae,1
233,https://w3id.org/scholarlydata/person/pavlos-fafalios,https://w3id.org/scholarlydata/person/petros-fafalios,0
359,https://w3id.org/scholarlydata/person/xueyan-jiang,https://w3id.org/scholarlydata/person/guoqian-jiang,0
104,https://w3id.org/scholarlydata/person/ulrike-sattler,https://w3id.org/scholarlydata/person/uli-sattler,1
72,https://w3id.org/scholarlydata/person/john-mccrae,https://w3id.org/scholarlydata/person/john-p-mccrae,1
466,https://w3id.org/scholarlydata/person/felix-michel,https://w3id.org/scholarlydata/person/vincent-michel,0
362,https://w3id.org/scholarlydata/person/xueyan-jiang,https://w3id.org/scholarlydata/person/xuxian-jiang,0
516,https://w3id.org/scholarlydata/person/giuseppe-rizzo,https://w3id.org/scholarlydata/person/giuseppe-rizzo1,0
585,https://w3id.org/scholarlydata/person/yi-dong-shen,https://w3id.org/scholarlydata/person/xuehua-shen,0
84,https://w3id.org/scholarlydata/person/lyndon-nixon,https://w3id.org/scholarlydata/person/lyndon-j-b-nixon,1
65,https://w3id.org/scholarlydata/person/luis-a-leiva,https://w3id.org/scholarlydata/person/luisa-leiva,1
592,https://w3id.org/scholarlydata/person/andy-shin,https://w3id.org/scholarlydata/person/suengwon-shin,0
446,https://w3id.org/scholarlydata/person/neal-lewis,https://w3id.org/scholarlydata/person/dave-lewis,0
660,https://w3id.org/scholarlydata/person/john-tang,https://w3id.org/scholarlydata/person/jie-tang,0
220,https://w3id.org/scholarlydata/person/alicia-diaz,https://w3id.org/scholarlydata/person/oscar-diaz,0
336,https://w3id.org/scholarlydata/person/caroline-jay,https://w3id.org/scholarlydata/person/nicolas-jay,0
37,https://w3id.org/scholarlydata/person/claudiu-firan,https://w3id.org/scholarlydata/person/claudiu-s-firan,1
184,https://w3id.org/scholarlydata/person/soumen-chakrabarti,https://w3id.org/scholarlydata/person/kaushik-chakrabarti,0
141,https://w3id.org/scholarlydata/person/willem-van-hage,https://w3id.org/scholarlydata/person/willem-robert-van-hage,1
587,https://w3id.org/scholarlydata/person/shuming-shi,https://w3id.org/scholarlydata/person/xiaolin-shi,0
392,https://w3id.org/scholarlydata/person/su-myeon-kim,https://w3id.org/scholarlydata/person/hak-kim,0
285,https://w3id.org/scholarlydata/person/sharad-goel,https://w3id.org/scholarlydata/person/aman-goel,0
200,https://w3id.org/scholarlydata/person/chris-clarke,https://w3id.org/scholarlydata/person/charles-clarke,0
588,https://w3id.org/scholarlydata/person/weisong-shi,https://w3id.org/scholarlydata/person/shuming-shi,0
71,https://w3id.org/scholarlydata/person/john-mccrae,https://w3id.org/scholarlydata/person/john-p-mccrae,1
151,https://w3id.org/scholarlydata/person/charu-aggarwal,https://w3id.org/scholarlydata/person/gaurav-aggarwal,0
58,https://w3id.org/scholarlydata/person/haklae-kim,https://w3id.org/scholarlydata/person/hak-kim,1
690,https://w3id.org/scholarlydata/person/andreas-wagner,https://w3id.org/scholarlydata/person/matthias-wagner,0
197,https://w3id.org/scholarlydata/person/stephen-clark,https://w3id.org/scholarlydata/person/kendall-clark,0
410,https://w3id.org/scholarlydata/person/ramnandan-krishnamurthy,https://w3id.org/scholarlydata/person/revathy-krishnamurthy,0
439,https://w3id.org/scholarlydata/person/jens-lehmann,https://w3id.org/scholarlydata/person/sune-lehmann,0
116,https://w3id.org/scholarlydata/person/elena-simperl,https://w3id.org/scholarlydata/person/elena-paslaru-bontas-simperl,1
342,https://w3id.org/scholarlydata/person/daxin-jiang,https://w3id.org/scholarlydata/person/xuxian-jiang,0
62,https://w3id.org/scholarlydata/person/birgitta-konig-ries,https://w3id.org/scholarlydata/person/birgitta-koenig-ries,1
363,https://w3id.org/scholarlydata/person/xuxian-jiang,https://w3id.org/scholarlydata/person/daxin-jiang,0
364,https://w3id.org/scholarlydata/person/xuxian-jiang,https://w3id.org/scholarlydata/person/guoqian-jiang,0
154,https://w3id.org/scholarlydata/person/rachel-allen,https://w3id.org/scholarlydata/person/mary-allen,0
226,https://w3id.org/scholarlydata/person/ying-ding,https://w3id.org/scholarlydata/person/li-ding,0
3,https://w3id.org/scholarlydata/person/grigoris-antoniou,https://w3id.org/scholarlydata/person/gregoris-antoniou,1
14,https://w3id.org/scholarlydata/person/amparo-e.-cano,https://w3id.org/scholarlydata/person/amparo-e-cano,1
241,https://w3id.org/scholarlydata/person/anna-fensel,https://w3id.org/scholarlydata/person/dieter-fensel,0
522,https://w3id.org/scholarlydata/person/camille-roth,https://w3id.org/scholarlydata/person/tobias-roth,0
431,https://w3id.org/scholarlydata/person/franz-lehmann,https://w3id.org/scholarlydata/person/sune-lehmann,0
225,https://w3id.org/scholarlydata/person/li-ding,https://w3id.org/scholarlydata/person/ying-ding,0
472,https://w3id.org/scholarlydata/person/knud-moeller,https://w3id.org/scholarlydata/person/ralf-moeller,0
384,https://w3id.org/scholarlydata/person/hak-kim,https://w3id.org/scholarlydata/person/su-nam-kim,0
651,https://w3id.org/scholarlydata/person/jian-tao-sun,https://w3id.org/scholarlydata/person/tao-sun,0
76,https://w3id.org/scholarlydata/person/pablo-n-mendes,https://w3id.org/scholarlydata/person/pablo-mendes,1
520,https://w3id.org/scholarlydata/person/maurice-rosenfeld,https://w3id.org/scholarlydata/person/roni-rosenfeld,0
627,https://w3id.org/scholarlydata/person/ralf-steinmetz,https://w3id.org/scholarlydata/person/nadine-steinmetz,0
484,https://w3id.org/scholarlydata/person/marco-neumann,https://w3id.org/scholarlydata/person/guenter-neumann,0
153,https://w3id.org/scholarlydata/person/mary-allen,https://w3id.org/scholarlydata/person/rachel-allen,0
167,https://w3id.org/scholarlydata/person/antonis-bikakis,https://w3id.org/scholarlydata/person/nikos-bikakis,0
52,https://w3id.org/scholarlydata/person/eero-hyvonen,https://w3id.org/scholarlydata/person/eero-hyvoenen,1
160,https://w3id.org/scholarlydata/person/ioannis-antoniou,https://w3id.org/scholarlydata/person/grigoris-antoniou,0
110,https://w3id.org/scholarlydata/person/baris-sertkaya,https://w3id.org/scholarlydata/person/s-sertkaya,1
44,https://w3id.org/scholarlydata/person/alasdair-j-g-gray,https://w3id.org/scholarlydata/person/alasdair-gray,1
378,https://w3id.org/scholarlydata/person/makoto-p-kato,https://w3id.org/scholarlydata/person/ayumi-kato,0
421,https://w3id.org/scholarlydata/person/peter-lambert,https://w3id.org/scholarlydata/person/dave-lambert,0
402,https://w3id.org/scholarlydata/person/adrian-klein,https://w3id.org/scholarlydata/person/amit-klein,0
670,https://w3id.org/scholarlydata/person/kerry-taylor,https://w3id.org/scholarlydata/person/richard-taylor,0
574,https://w3id.org/scholarlydata/person/xuehua-shen,https://w3id.org/scholarlydata/person/yi-dong-shen,0
639,https://w3id.org/scholarlydata/person/aixin-sun,https://w3id.org/scholarlydata/person/tao-sun,0
415,https://w3id.org/scholarlydata/person/arun-kumar,https://w3id.org/scholarlydata/person/vikash-kumar,0
559,https://w3id.org/scholarlydata/person/ashutosh-jagdish-sharma,https://w3id.org/scholarlydata/person/naveen-kumar-sharma,0
436,https://w3id.org/scholarlydata/person/jens-lehmann,https://w3id.org/scholarlydata/person/claudia-lehmann,0
521,https://w3id.org/scholarlydata/person/roni-rosenfeld,https://w3id.org/scholarlydata/person/maurice-rosenfeld,0
401,https://w3id.org/scholarlydata/person/ross-king,https://w3id.org/scholarlydata/person/irwin-king,0
185,https://w3id.org/scholarlydata/person/eric-charlton,https://w3id.org/scholarlydata/person/stuart-charlton,0
663,https://w3id.org/scholarlydata/person/lei-tang,https://w3id.org/scholarlydata/person/john-tang,0
685,https://w3id.org/scholarlydata/person/vania-vidal,https://w3id.org/scholarlydata/person/maria-esther-vidal,0
618,https://w3id.org/scholarlydata/person/shuangyong-song,https://w3id.org/scholarlydata/person/fuqi-song,0
570,https://w3id.org/scholarlydata/person/wei-shen,https://w3id.org/scholarlydata/person/yi-dong-shen,0
81,https://w3id.org/scholarlydata/person/lyndon-j-b-nixon,https://w3id.org/scholarlydata/person/lyndon-nixon,1
504,https://w3id.org/scholarlydata/person/alexandre-miguel-pinto,https://w3id.org/scholarlydata/person/helena-sofia-pinto,0
208,https://w3id.org/scholarlydata/person/cornelia-davis,https://w3id.org/scholarlydata/person/brian-davis,0
480,https://w3id.org/scholarlydata/person/arjun-mukherjee,https://w3id.org/scholarlydata/person/debnath-mukherjee,0
632,https://w3id.org/scholarlydata/person/nenad-stojanovic,https://w3id.org/scholarlydata/person/ljiljana-stojanovic,0
61,https://w3id.org/scholarlydata/person/birgitta-koenig-ries,https://w3id.org/scholarlydata/person/birgitta-konig-ries,1
686,https://w3id.org/scholarlydata/person/vania-vidal,https://w3id.org/scholarlydata/person/maria-esther-vidal,0
321,https://w3id.org/scholarlydata/person/beibei-hu,https://w3id.org/scholarlydata/person/xia-hu,0
458,https://w3id.org/scholarlydata/person/kirk-martinez,https://w3id.org/scholarlydata/person/maria-vanina-martinez,0
648,https://w3id.org/scholarlydata/person/jian-tao-sun,https://w3id.org/scholarlydata/person/aixin-sun,0
562,https://w3id.org/scholarlydata/person/dou-shen,https://w3id.org/scholarlydata/person/wei-shen,0
201,https://w3id.org/scholarlydata/person/danilo-croce,https://w3id.org/scholarlydata/person/vincenzo-croce,0
94,https://w3id.org/scholarlydata/person/h-sofia-pinto,https://w3id.org/scholarlydata/person/helena-sofia-pinto,1
329,https://w3id.org/scholarlydata/person/yunhua-hu,https://w3id.org/scholarlydata/person/beibei-hu,0
644,https://w3id.org/scholarlydata/person/gordon-sun,https://w3id.org/scholarlydata/person/aixin-sun,0
383,https://w3id.org/scholarlydata/person/hak-kim,https://w3id.org/scholarlydata/person/su-myeon-kim,0
695,https://w3id.org/scholarlydata/person/florian-wagner,https://w3id.org/scholarlydata/person/claudia-wagner,0
77,https://w3id.org/scholarlydata/person/daniel-miranker,https://w3id.org/scholarlydata/person/daniel-p-miranker,1
196,https://w3id.org/scholarlydata/person/lin-clark,https://w3id.org/scholarlydata/person/stephen-clark,0
255,https://w3id.org/scholarlydata/person/george-h-l-fletcher,https://w3id.org/scholarlydata/person/william-fletcher,0
7,https://w3id.org/scholarlydata/person/soeren-auer,https://w3id.org/scholarlydata/person/soren-auer,1
168,https://w3id.org/scholarlydata/person/nikos-bikakis,https://w3id.org/scholarlydata/person/antonis-bikakis,0
51,https://w3id.org/scholarlydata/person/eero-hyvoenen,https://w3id.org/scholarlydata/person/eero-hyvonen,1
345,https://w3id.org/scholarlydata/person/guoqian-jiang,https://w3id.org/scholarlydata/person/jingtian-jiang,0
577,https://w3id.org/scholarlydata/person/yi-dong-shen,https://w3id.org/scholarlydata/person/dou-shen,0
471,https://w