200,https://w3id.org/scholarlydata/organisation/lip6-universite-pierre-et-marie-curie,https://w3id.org/scholarlydata/organisation/university-of-tartu,0
"",https://w3id.org/scholarlydata/organisation/state-key-laboratory-of-intelligent-technology-and-systems-tsinghua-national-laboratory-for-information-science-and-technology-department-of-computer-science-and-technology-tsinghua-university,https://w3id.org/scholarlydata/organisation/tsinghua-university,0
148,https://w3id.org/scholarlydata/organisation/kdz-centre-for-public-administration-research,https://w3id.org/scholarlydata/organisation/nist,0
62,https://w3id.org/scholarlydata/organisation/universitat-leipzig,https://w3id.org/scholarlydata/organisation/universitaet-leipzig,1
"",https://w3id.org/scholarlydata/organisation/imperial-college-london,https://w3id.org/scholarlydata/organisation/knowledge-media-institute,0
"",https://w3id.org/scholarlydata/organisation/deri-digital-enterprise-research-institute-nuig-national-university-of-ireland-galway,https://w3id.org/scholarlydata/organisation/deri-nui-galway,1
28,https://w3id.org/scholarlydata/organisation/institute-aifb-karlsruhe-institute-of-technology,https://w3id.org/scholarlydata/organisation/institut-aifb-universitaet-karlsruhe,1
"",https://w3id.org/scholarlydata/organisation/associate-professor,https://w3id.org/scholarlydata/organisation/brno-university-of-technology,0
151,https://w3id.org/scholarlydata/organisation/at-t,https://w3id.org/scholarlydata/organisation/att,1
175,https://w3id.org/scholarlydata/organisation/institute-of-automation-chinese-academy-of-science,https://w3id.org/scholarlydata/organisation/vassar-college,0
83,https://w3id.org/scholarlydata/organisation/national-technical-university-of-athens,https://w3id.org/scholarlydata/organisation/national-and-technical-university-of-athens,1
"",https://w3id.org/scholarlydata/organisation/lirmm,https://w3id.org/scholarlydata/organisation/lirmm---university-of-montpellier-france,1
96,https://w3id.org/scholarlydata/organisation/university-of-calabria,https://w3id.org/scholarlydata/organisation/deis-university-of-calabria,0
"",https://w3id.org/scholarlydata/organisation/nanjing-university,https://w3id.org/scholarlydata/organisation/state-key-laboratory-for-novel-software-technology-nanjing-university,0
216,https://w3id.org/scholarlydata/organisation/linkopping-university,https://w3id.org/scholarlydata/organisation/irisa-insa-rennes,0
229,https://w3id.org/scholarlydata/organisation/dipartimento-di-elettronica-e-informazione-politecnico-di-milano,https://w3id.org/scholarlydata/organisation/electricite-de-france,0
"",https://w3id.org/scholarlydata/organisation/university-of-muenster,https://w3id.org/scholarlydata/organisation/university-of-osnabrueck,0
230,https://w3id.org/scholarlydata/organisation/labseb-cnr,https://w3id.org/scholarlydata/organisation/universite-de-lyon-cnrs-universite-lyon-1-liris-umr5205-f-69622,0
105,https://w3id.org/scholarlydata/organisation/university-of-seville,https://w3id.org/scholarlydata/organisation/universidad-de-sevilla,1
133,https://w3id.org/scholarlydata/organisation/university-of-applied-sciences-st-poelten,https://w3id.org/scholarlydata/organisation/university-of-applied-sciences-st-polten,1
"",https://w3id.org/scholarlydata/organisation/ibm-china-research-laboratory,https://w3id.org/scholarlydata/organisation/shanghai-jiaotong-university-ibm-research-china,0
91,https://w3id.org/scholarlydata/organisation/unsw,https://w3id.org/scholarlydata/organisation/university-of-new-south-wales,1
"",https://w3id.org/scholarlydata/organisation/peking-university,https://w3id.org/scholarlydata/organisation/yahoo-inc,0
53,https://w3id.org/scholarlydata/organisation/aalto-university-and-university-of-helsinki,https://w3id.org/scholarlydata/organisation/aalto-university-school-of-science-and-university-of-helsinki,1
103,https://w3id.org/scholarlydata/organisation/friedrich-schiller-university-of-jena,https://w3id.org/scholarlydata/organisation/university-of-jena-germany,1
24,https://w3id.org/scholarlydata/organisation/university-of-sheffield,https://w3id.org/scholarlydata/organisation/university-of-sheffield-uk,1
146,https://w3id.org/scholarlydata/organisation/puc-rio,https://w3id.org/scholarlydata/organisation/puc---rio,1
102,https://w3id.org/scholarlydata/organisation/department-of-computer-science-tsinghua-university,https://w3id.org/scholarlydata/organisation/tsinghua-university,1
11,https://w3id.org/scholarlydata/organisation/cnr,https://w3id.org/scholarlydata/organisation/cnr-istc-italy,0
182,https://w3id.org/scholarlydata/organisation/simon-fraser-university,https://w3id.org/scholarlydata/organisation/school-of-media-science-tokyo-university-of-techno,0
35,https://w3id.org/scholarlydata/organisation/aifb-university-of-karlsruhe,https://w3id.org/scholarlydata/organisation/institut-aifb-universitaet-karlsruhe,1
"",https://w3id.org/scholarlydata/organisation/usc-information-sciences-institute,https://w3id.org/scholarlydata/organisation/usc-isi,1
149,https://w3id.org/scholarlydata/organisation/harvard-medical-school,https://w3id.org/scholarlydata/organisation/harvard-medical-school-department-of-neuro,0
238,https://w3id.org/scholarlydata/organisation/crs4,https://w3id.org/scholarlydata/organisation/university-of-louvain,0
"",https://w3id.org/scholarlydata/organisation/universitaet-hannover,https://w3id.org/scholarlydata/organisation/university-of-hanover,1
81,https://w3id.org/scholarlydata/organisation/disi-university-of-trento,https://w3id.org/scholarlydata/organisation/university-of-trento-italy,0
5,https://w3id.org/scholarlydata/organisation/university-of-freiburg,https://w3id.org/scholarlydata/organisation/freiburg-university,1
111,https://w3id.org/scholarlydata/organisation/university-of-naples-federico-ii,https://w3id.org/scholarlydata/organisation/universita-federico-ii-di-napoli,1
152,https://w3id.org/scholarlydata/organisation/university-of-luebeck,https://w3id.org/scholarlydata/organisation/university-of-lubeck,1
19,https://w3id.org/scholarlydata/organisation/talis-information-limited,https://w3id.org/scholarlydata/organisation/talis,1
65,https://w3id.org/scholarlydata/organisation/sti-innsbruck,https://w3id.org/scholarlydata/organisation/deri-universitaet-innsbruck,0
"",https://w3id.org/scholarlydata/organisation/technical-university-of-hamburg,https://w3id.org/scholarlydata/organisation/tuhh,0
"",https://w3id.org/scholarlydata/organisation/japan-science-and-technology-agency,https://w3id.org/scholarlydata/organisation/toshiba-corp,0
"",https://w3id.org/scholarlydata/organisation/univ-tuebingen,https://w3id.org/scholarlydata/organisation/university-of-tuebingen,1
"",https://w3id.org/scholarlydata/organisation/ilc-cnr-pisa,https://w3id.org/scholarlydata/organisation/istituto-di-linguistica-computazionale---cnr,1
36,https://w3id.org/scholarlydata/organisation/university-of-chile,https://w3id.org/scholarlydata/organisation/universidad-de-chile,1
"",https://w3id.org/scholarlydata/organisation/sony-computer-science-laboratory-paris,https://w3id.org/scholarlydata/organisation/vrije-universiteit-brussel,0
142,https://w3id.org/scholarlydata/organisation/ontology-engineering-group-universidad-politecnica-de-madrid,https://w3id.org/scholarlydata/organisation/ontology-engineering-group---universidad-politecnica-de-madrid,1
51,https://w3id.org/scholarlydata/organisation/university-of-helsinki-and-aalto-university-school-of-science,https://w3id.org/scholarlydata/organisation/aalto-university-school-of-science-and-university-of-helsinki,1
132,https://w3id.org/scholarlydata/organisation/university-of-amsterdam,https://w3id.org/scholarlydata/organisation/universiteit-van-amsterdam,1
"",https://w3id.org/scholarlydata/organisation/universitaet-leipzig,https://w3id.org/scholarlydata/organisation/university-of-bonn,0
140,https://w3id.org/scholarlydata/organisation/,https://w3id.org/scholarlydata/organisation/vienna-university-of-economy-and-business-wu,0
"",https://w3id.org/scholarlydata/organisation/bbc,https://w3id.org/scholarlydata/organisation/harbin-institute-of-technology,0
280,https://w3id.org/scholarlydata/organisation/ritsumeikan-university,https://w3id.org/scholarlydata/organisation/thai-computational-linguistics-laboratory,0
194,https://w3id.org/scholarlydata/organisation/kmi-open-university,https://w3id.org/scholarlydata/organisation/university-of-goettingen,0
201,https://w3id.org/scholarlydata/organisation/indian-institute-of-technology,https://w3id.org/scholarlydata/organisation/reinvent-technology,0
"",https://w3id.org/scholarlydata/organisation/inesc-id,https://w3id.org/scholarlydata/organisation/instituto-superior-tecnico,0
258,https://w3id.org/scholarlydata/organisation/drrt-lorraine,https://w3id.org/scholarlydata/organisation/linkping-university,0
"",https://w3id.org/scholarlydata/organisation/bundeswehr-university-munich-germany,https://w3id.org/scholarlydata/organisation/university-of-southampton,0
269,https://w3id.org/scholarlydata/organisation/royal-military-college-of-canada,https://w3id.org/scholarlydata/organisation/ludwig-maximilian-university-of-munich,0
"",https://w3id.org/scholarlydata/organisation/institut-aifb-universitaet-karlsruhe,https://w3id.org/scholarlydata/organisation/university-of-bielefeld,0
76,https://w3id.org/scholarlydata/organisation/saarland-university,https://w3id.org/scholarlydata/organisation/university-of-saarland,1
286,https://w3id.org/scholarlydata/organisation/the-national-board-of-antiquities,https://w3id.org/scholarlydata/organisation/universitaet-mannheim-institut-fuer-informatik,0
147,https://w3id.org/scholarlydata/organisation/bristol-university,https://w3id.org/scholarlydata/organisation/university-of-bristol,1
"",https://w3id.org/scholarlydata/organisation/nokia,https://w3id.org/scholarlydata/organisation/nokia-services,1
"",https://w3id.org/scholarlydata/organisation/cnr-istc-italy,https://w3id.org/scholarlydata/organisation/ibm-corporation,0
205,https://w3id.org/scholarlydata/organisation/digital-pebble-ltd,https://w3id.org/scholarlydata/organisation/sandia-national-laboratories,0
49,https://w3id.org/scholarlydata/organisation/university-of-leipzig,https://w3id.org/scholarlydata/organisation/universitaet-leipzig,1
178,https://w3id.org/scholarlydata/organisation/university-of-west-bohemia,https://w3id.org/scholarlydata/organisation/vienna-university-of-economics-and-business-wu-wien,0
52,https://w3id.org/scholarlydata/organisation/aalto-university,https://w3id.org/scholarlydata/organisation/aalto-university-fi,1
139,https://w3id.org/scholarlydata/organisation/,https://w3id.org/scholarlydata/organisation/universidade-federal-de-pernambuco-ufpe,0
248,https://w3id.org/scholarlydata/organisation/crim,https://w3id.org/scholarlydata/organisation/deutsche-welle,0
"",https://w3id.org/scholarlydata/organisation/digital-enterprise-research-institute-deri-national-university-of-ireland-galway,https://w3id.org/scholarlydata/organisation/karlsruhe-institute-of-technology,0
"",https://w3id.org/scholarlydata/organisation/georgia-institute-of-technology,https://w3id.org/scholarlydata/organisation/national-university-of-defense-technology,0
"",https://w3id.org/scholarlydata/organisation/university-of-innsbruck-at,https://w3id.org/scholarlydata/organisation/university-of-innsbruck-austria,1
232,https://w3id.org/scholarlydata/organisation/exalead,https://w3id.org/scholarlydata/organisation/ecole-des-mines-de-saint-etienne,0
"",https://w3id.org/scholarlydata/organisation/university-of-southern-california-information-sciences-institute,https://w3id.org/scholarlydata/organisation/yahoo-research-usa,0
120,https://w3id.org/scholarlydata/organisation/knoesis-wright-state-university,https://w3id.org/scholarlydata/organisation/kno-e-sis-wright-state-university,1
85,https://w3id.org/scholarlydata/organisation/ibm-watson,https://w3id.org/scholarlydata/organisation/ibm-watson-research-center,1
217,https://w3id.org/scholarlydata/organisation/innova,https://w3id.org/scholarlydata/organisation/seevl,0
243,https://w3id.org/scholarlydata/organisation/national-centre-for-text-mining-university-of-manc,https://w3id.org/scholarlydata/organisation/visa-inc,0
191,https://w3id.org/scholarlydata/organisation/ag-semantic-computing-citec-university-of-bielefeld,https://w3id.org/scholarlydata/organisation/politecnico-di-milano-dipartimento-di-elettronica-e-informazione,0
154,https://w3id.org/scholarlydata/organisation/ecole-des-mines-de-saint-etienne,https://w3id.org/scholarlydata/organisation/ecole-nationale-superieure-des-mines-de-saint-etienne,1
283,https://w3id.org/scholarlydata/organisation/lipn-universite-paris-13,https://w3id.org/scholarlydata/organisation/deutsche-nationalbibliothek,0
"",https://w3id.org/scholarlydata/organisation/france,https://w3id.org/scholarlydata/organisation/liris-universite-de-lyon,0
17,https://w3id.org/scholarlydata/organisation/inria,https://w3id.org/scholarlydata/organisation/inria-rhone-alpes,1
270,https://w3id.org/scholarlydata/organisation/inria-and-lirmm,https://w3id.org/scholarlydata/organisation/university-of-calabria,0
92,https://w3id.org/scholarlydata/organisation/university-mannheim,https://w3id.org/scholarlydata/organisation/university-of-mannheim,1
261,https://w3id.org/scholarlydata/organisation/software-engineering-institute-east-china-normal-university,https://w3id.org/scholarlydata/organisation/samsung-sisa,0
"",https://w3id.org/scholarlydata/organisation/technische-universitaet-dresden,https://w3id.org/scholarlydata/organisation/university-of-bremen,0
188,https://w3id.org/scholarlydata/organisation/modul-university,https://w3id.org/scholarlydata/organisation/australian-proteome-analysis-facility,0
"",https://w3id.org/scholarlydata/organisation/deri-galway,https://w3id.org/scholarlydata/organisation/universidad-rey-juan-carlos,0
171,https://w3id.org/scholarlydata/organisation/huawei-technologies-co-ltd,https://w3id.org/scholarlydata/organisation/vrije-universiteit-amsterdam-fac-sciences-dept-computer-science,0
"",https://w3id.org/scholarlydata/organisation/ibm,https://w3id.org/scholarlydata/organisation/ibm-ireland-research-laboratory,0
"",https://w3id.org/scholarlydata/organisation/inria-lig,https://w3id.org/scholarlydata/organisation/univ-grenoble,0
112,https://w3id.org/scholarlydata/organisation/friedrich-schiller-university-jena,https://w3id.org/scholarlydata/organisation/university-of-jena-germany,1
274,https://w3id.org/scholarlydata/organisation/irisa-universite-rennes-1-enssat,https://w3id.org/scholarlydata/organisation/dublin-core-metadata-initiative,0
34,https://w3id.org/scholarlydata/organisation/max-planck-institut-fur-informatik,https://w3id.org/scholarlydata/organisation/max-planck-institute-for-informatics,1
"",https://w3id.org/scholarlydata/organisation/zhejiang-university,https://w3id.org/scholarlydata/organisation/zhejiang-university-of-finance-and-economics,0
122,https://w3id.org/scholarlydata/organisation/ibm-almaden-research-center,https://w3id.org/scholarlydata/organisation/ibm-research-almaden,1
204,https://w3id.org/scholarlydata/organisation/free-university-amsterdam,https://w3id.org/scholarlydata/organisation/indian-institute-of-technology-kharagpur,0
4,https://w3id.org/scholarlydata/organisation/fluid-operations-ag,https://w3id.org/scholarlydata/organisation/fluid-operations,1
"",https://w3id.org/scholarlydata/organisation/universite-paris-sorbonne,https://w3id.org/scholarlydata/organisation/universite-paris-sud-xi-orsay,0
57,https://w3id.org/scholarlydata/organisation/jonkoping-university,https://w3id.org/scholarlydata/organisation/joenkoeping-university,1
"",https://w3id.org/scholarlydata/organisation/dtic-university-pompeu-fabra,https://w3id.org/scholarlydata/organisation/university-pompeu-fabra,1
"",https://w3id.org/scholarlydata/organisation/deri-universitaet-innsbruck,https://w3id.org/scholarlydata/organisation/sap-ag,0
"",https://w3id.org/scholarlydata/organisation/eurecom,https://w3id.org/scholarlydata/organisation/france,0
218,https://w3id.org/scholarlydata/organisation/the-hebrew-university,https://w3id.org/scholarlydata/organisation/hewlett-packard-usa,0
70,https://w3id.org/scholarlydata/organisation/university-of-maryland-baltimore-county,https://w3id.org/scholarlydata/organisation/university-of-maryland,1
187,https://w3id.org/scholarlydata/organisation/university-paris-7,https://w3id.org/scholarlydata/organisation/information-sciences-institute-university-of-southern-california,0
"",https://w3id.org/scholarlydata/organisation/research-center-for-information-technology-fzi,https://w3id.org/scholarlydata/organisation/siemens-ag-corporate-technology,0
45,https://w3id.org/scholarlydata/organisation/oxford-university,https://w3id.org/scholarlydata/organisation/university-of-oxford,1
"",https://w3id.org/scholarlydata/organisation/italy,https://w3id.org/scholarlydata/organisation/universita-degli-studi-roma-tre,0
222,https://w3id.org/scholarlydata/organisation/deutsche-telekom-labs-berlin-university-of-technol,https://w3id.org/scholarlydata/organisation/university-of-targu-mures,0
104,https://w3id.org/scholarlydata/organisation/mitre,https://w3id.org/scholarlydata/organisation/the-mitre-corporation,1
213,https://w3id.org/scholarlydata/organisation/rulecore,https://w3id.org/scholarlydata/organisation/beijing-university,0
246,https://w3id.org/scholarlydata/organisation/universite-paris-nord,https://w3id.org/scholarlydata/organisation/university-of-patras,0
290,https://w3id.org/scholarlydata/organisation/renault-sas,https://w3id.org/scholarlydata/organisation/maastricht-university,0
291,https://w3id.org/scholarlydata/organisation/nsf,https://w3id.org/scholarlydata/organisation/heriot-watt-university,0
60,https://w3id.org/scholarlydata/organisation/mit-csail,https://w3id.org/scholarlydata/organisation/massachusetts-institute-of-technology,1
137,https://w3id.org/scholarlydata/organisation/technische-universitat-dresden,https://w3id.org/scholarlydata/organisation/technische-universitaet-dresden,1
250,https://w3id.org/scholarlydata/organisation/department-of-computing-and-information-technology-fudan-university,https://w3id.org/scholarlydata/organisation/inria-score,0
"",https://w3id.org/scholarlydata/organisation/deri-nui-galway,https://w3id.org/scholarlydata/organisation/medical-university-of-vienna-austria,0
"",https://w3id.org/scholarlydata/organisation/university-of-milan,https://w3id.org/scholarlydata/organisation/university-of-milano,1
126,https://w3id.org/scholarlydata/organisation/zaporozhye-national-university,https://w3id.org/scholarlydata/organisation/zaporozhye-national-univ,1
241,https://w3id.org/scholarlydata/organisation/ecole-nationale-superieure-des-mines-fayol-ensmse-lsti,https://w3id.org/scholarlydata/organisation/arcelormittal-asturias,0
263,https://w3id.org/scholarlydata/organisation/jozef-stefan-institute,https://w3id.org/scholarlydata/organisation/montpellier-2-university,0
227,https://w3id.org/scholarlydata/organisation/ips-institute-of-phonetics-and-speech-processing,https://w3id.org/scholarlydata/organisation/university-of-hasselt,0
63,https://w3id.org/scholarlydata/organisation/sti-international,https://w3id.org/scholarlydata/organisation/deri-universitaet-innsbruck,0
119,https://w3id.org/scholarlydata/organisation/oracle,https://w3id.org/scholarlydata/organisation/oracle-corporation,1
"",https://w3id.org/scholarlydata/organisation/facebook-inc,https://w3id.org/scholarlydata/organisation/pennsylvania-state-university,0
219,https://w3id.org/scholarlydata/organisation/university-of-karlsruhe-southeast-university,https://w3id.org/scholarlydata/organisation/alcatel-lucent-bell-labs-france,0
110,https://w3id.org/scholarlydata/organisation/university-of-nantes---lina,https://w3id.org/scholarlydata/organisation/university-of-nantes,0
97,https://w3id.org/scholarlydata/organisation/irit-univ-toulouse-le-mirail,https://w3id.org/scholarlydata/organisation/irit-universite-toulouse-le-mirail,1
99,https://w3id.org/scholarlydata/organisation/informatica-trentina,https://w3id.org/scholarlydata/organisation/informatica-trentina-s-p-a,1
128,https://w3id.org/scholarlydata/organisation/citec-universitaet-bielefeld,https://w3id.org/scholarlydata/organisation/citec-universitat-bielefeld,1
"",https://w3id.org/scholarlydata/organisation/insight,https://w3id.org/scholarlydata/organisation/nui-galway,1
212,https://w3id.org/scholarlydata/organisation/ebay-inc,https://w3id.org/scholarlydata/organisation/sti-international,0
276,https://w3id.org/scholarlydata/organisation/university-of-rio-de-janeiro,https://w3id.org/scholarlydata/organisation/ibm-china-research-lab,0
202,https://w3id.org/scholarlydata/organisation/university-of-illinois-at-chicago,https://w3id.org/scholarlydata/organisation/ontology-engineering-group-universidad-politecnica,0
113,https://w3id.org/scholarlydata/organisation/university-of-the-basque-country,https://w3id.org/scholarlydata/organisation/basque-country-university,1
"",https://w3id.org/scholarlydata/organisation/pompeu-fabra-university,https://w3id.org/scholarlydata/organisation/university-of-lleida,0
6,https://w3id.org/scholarlydata/organisation/deri-national-university-of-ireland-galway,https://w3id.org/scholarlydata/organisation/deri-nui-galway,1
"",https://w3id.org/scholarlydata/organisation/carnegie-mellon-university,https://w3id.org/scholarlydata/organisation/freie-universitaet-berlin,0
"",https://w3id.org/scholarlydata/organisation/chinese-academy-of-sciences,https://w3id.org/scholarlydata/organisation/l3s-research-center,0
"",https://w3id.org/scholarlydata/organisation/ghent-university---iminds,https://w3id.org/scholarlydata/organisation/ghent-university---iminds---data-science-lab-belgium,1
155,https://w3id.org/scholarlydata/organisation/isoco-sa,https://w3id.org/scholarlydata/organisation/isoco-s-a,1
162,https://w3id.org/scholarlydata/organisation/swiss-federal-institute-for-forest-snow-and-landscape-research,https://w3id.org/scholarlydata/organisation/swiss-federal-institute-for-forest,1
"",https://w3id.org/scholarlydata/organisation/pennsylvania-state-university,https://w3id.org/scholarlydata/organisation/university-of-california-santa-barbara,0
75,https://w3id.org/scholarlydata/organisation/knoesis-center-wright-state-university,https://w3id.org/scholarlydata/organisation/wright-state-university,0
16,https://w3id.org/scholarlydata/organisation/gesis---leibniz-institute-for-the-social-sciences,https://w3id.org/scholarlydata/organisation/university-of-koblenz-landau,0
77,https://w3id.org/scholarlydata/organisation/university-of-trento,https://w3id.org/scholarlydata/organisation/university-of-trento-italy,1
177,https://w3id.org/scholarlydata/organisation/google-research,https://w3id.org/scholarlydata/organisation/universit-de-technologie-de-troyes-utt,0
207,https://w3id.org/scholarlydata/organisation/university-pantheon---sorbonne-paris-i,https://w3id.org/scholarlydata/organisation/ibm-deutschland-entwicklungs-gmbh,0
"",https://w3id.org/scholarlydata/organisation/kiel-university-and-leibniz-information-center-for-economics,https://w3id.org/scholarlydata/organisation/university-of-koblenz-landau,0
"",https://w3id.org/scholarlydata/organisation/ibm-thomas-j-watson-research-center,https://w3id.org/scholarlydata/organisation/wright-state-university,0
61,https://w3id.org/scholarlydata/organisation/mit,https://w3id.org/scholarlydata/organisation/massachusetts-institute-of-technology,1
129,https://w3id.org/scholarlydata/organisation/europeana-vu-university-amsterdam,https://w3id.org/scholarlydata/organisation/europeana--vu-university-amsterdam,1
25,https://w3id.org/scholarlydata/organisation/ontology-engineering-group-laboratorio-de-inteligencia-artificial-facultad-de-inform√°tica-universidad-politecnica-de-madrid-,https://w3id.org/scholarlydata/organisation/universidad-politecnica-de-madrid,1
"",https://w3id.org/scholarlydata/organisation/federal-university-of-minas-gerais,https://w3id.org/scholarlydata/organisation/ufmg,1
"",https://w3id.org/scholarlydata/organisation/emc,https://w3id.org/scholarlydata/organisation/emc-corporation,1
272,https://w3id.org/scholarlydata/organisation/rice-university,https://w3id.org/scholarlydata/organisation/universite-gaston-berger-senegal,0
"",https://w3id.org/scholarlydata/organisation/national-university-of-ireland-galway,https://w3id.org/scholarlydata/organisation/stanford-university,0
42,https://w3id.org/scholarlydata/organisation/dfki,https://w3id.org/scholarlydata/organisation/german-research-center-for-artificial-intelligence-dfki,1
"",https://w3id.org/scholarlydata/organisation/deri-galway,https://w3id.org/scholarlydata/organisation/fondazione-bruno-kessler,0
"",https://w3id.org/scholarlydata/organisation/institute-of-computer-science-forth,https://w3id.org/scholarlydata/organisation/university-of-crete,0
80,https://w3id.org/scholarlydata/organisation/dipartimento-di-informatica-universita-di-bari,https://w3id.org/scholarlydata/organisation/university-of-bari,0
89,https://w3id.org/scholarlydata/organisation/university-of-economics,https://w3id.org/scholarlydata/organisation/university-of-economics-prague,1
22,https://w3id.org/scholarlydata/organisation/university-of-manchester,https://w3id.org/scholarlydata/organisation/university-of-manchester-uk,1
"",https://w3id.org/scholarlydata/organisation/hitachi,https://w3id.org/scholarlydata/organisation/ritsumeikan-university,0
79,https://w3id.org/scholarlydata/organisation/microsoft-corporation,https://w3id.org/scholarlydata/organisation/microsoft,1
168,https://w3id.org/scholarlydata/organisation/leibniz-university-hannover,https://w3id.org/scholarlydata/organisation/leibniz-universitat-hannover,1
"",https://w3id.org/scholarlydata/organisation/alcatel-lucent-bell-labs-france,https://w3id.org/scholarlydata/organisation/bell-labs-alcatel-lucent,1
"",https://w3id.org/scholarlydata/organisation/fondazione-bruno-kessler-fbk-trento,https://w3id.org/scholarlydata/organisation/inria,0
"",https://w3id.org/scholarlydata/organisation/ibm-canada,https://w3id.org/scholarlydata/organisation/ibm-canada-ltd,1
73,https://w3id.org/scholarlydata/organisation/university-of-innsbruck,https://w3id.org/scholarlydata/organisation/deri-universitaet-innsbruck,1
"",https://w3id.org/scholarlydata/organisation/humboldt-universitaet-zu-berlin,https://w3id.org/scholarlydata/organisation/linkoping-university,0
"",https://w3id.org/scholarlydata/organisation/knowledge-management-institute-graz-university-of-technology,https://w3id.org/scholarlydata/organisation/university-of-graz,1
254,https://w3id.org/scholarlydata/organisation/universita-degli-studi-roma-tre,https://w3id.org/scholarlydata/organisation/virginia-tech,0
223,https://w3id.org/scholarlydata/organisation/garlik,https://w3id.org/scholarlydata/organisation/toulouse-university,0
46,https://w3id.org/scholarlydata/organisation/vrije-universiteit,https://w3id.org/scholarlydata/organisation/vrije-universiteit-amsterdam-the-netherlands,1
44,https://w3id.org/scholarlydata/organisation/german-research-center-for-artificial-intelligence,https://w3id.org/scholarlydata/organisation/german-research-center-for-artificial-intelligence-dfki,1
"",https://w3id.org/scholarlydata/organisation/microsoft-research-asia,https://w3id.org/scholarlydata/organisation/university-of-california-santa-barbara,0
107,https://w3id.org/scholarlydata/organisation/university-of-applied-science-northweastern-switzerland,https://w3id.org/scholarlydata/organisation/university-of-applied-sciences-northwestern-switzerland,1
236,https://w3id.org/scholarlydata/organisation/epfl,https://w3id.org/scholarlydata/organisation/harokopio-university,0
"",https://w3id.org/scholarlydata/organisation/institute-for-educational-technologies-cnr,https://w3id.org/scholarlydata/organisation/italian-national-research-council,0
179,https://w3id.org/scholarlydata/organisation/laas-cnrs,https://w3id.org/scholarlydata/organisation/philips-research,0
"",https://w3id.org/scholarlydata/organisation/graz-university-of-technology,https://w3id.org/scholarlydata/organisation/knowledge-management-institute-graz-university-of-technology,1
221,https://w3id.org/scholarlydata/organisation/swirrl-it-limited,https://w3id.org/scholarlydata/organisation/university-of-bucharest,0
"",https://w3id.org/scholarlydata/organisation/nec-laboratories-america,https://w3id.org/scholarlydata/organisation/yahoo-laboratories,0
14,https://w3id.org/scholarlydata/organisation/aifb-karlsruhe-institute-of-technology,https://w3id.org/scholarlydata/organisation/institut-aifb-universitaet-karlsruhe,1
231,https://w3id.org/scholarlydata/organisation/nord-software-consulting,https://w3id.org/scholarlydata/organisation/l2f-inesc-id-clul-lisboa,0
"",https://w3id.org/scholarlydata/organisation/aifb-karlsruhe-institute-of-technology,https://w3id.org/scholarlydata/organisation/institut-aifb-universitaet-karlsruhe,1
262,https://w3id.org/scholarlydata/organisation/nrc-institute-of-information-technology,https://w3id.org/scholarlydata/organisation/universitat-bremen,0
"",https://w3id.org/scholarlydata/organisation/technical-university-of-hamburg,https://w3id.org/scholarlydata/organisation/technische-universitaet-hamburg,1
39,https://w3id.org/scholarlydata/organisation/national-institute-of-informatics,https://w3id.org/scholarlydata/organisation/national-institute-of-informatics-japan,1
48,https://w3id.org/scholarlydata/organisation/osaka-university,https://w3id.org/scholarlydata/organisation/osaka-university-japan,1
84,https://w3id.org/scholarlydata/organisation/ibm-tj-watson-research-center,https://w3id.org/scholarlydata/organisation/ibm-watson-research-center,1
130,https://w3id.org/scholarlydata/organisation/inria-sophia-antipolis-mediterranee,https://w3id.org/scholarlydata/organisation/inria-sophia-antipolis---mediterranee,1
32,https://w3id.org/scholarlydata/organisation/universitat-koblenz-landau,https://w3id.org/scholarlydata/organisation/university-of-koblenz-landau,1
"",https://w3id.org/scholarlydata/organisation/univ-rennes-1-and-inria,https://w3id.org/scholarlydata/organisation/university-of-orsay,0
"",https://w3id.org/scholarlydata/organisation/ntt,https://w3id.org/scholarlydata/organisation/ntt-corporation,1
215,https://w3id.org/scholarlydata/organisation/florida-institute-for-human-and-machine-cognition,https://w3id.org/scholarlydata/organisation/buaa,0
165,https://w3id.org/scholarlydata/organisation/hong-kong-university-of-science-and-technology,https://w3id.org/scholarlydata/organisation/hkust,1
273,https://w3id.org/scholarlydata/organisation/vassar-college,https://w3id.org/scholarlydata/organisation/lingomotors,0
"",https://w3id.org/scholarlydata/organisation/kmi-the-open-university,https://w3id.org/scholarlydata/organisation/the-open-university---knowledge-media-institute,1
115,https://w3id.org/scholarlydata/organisation/linkoeping-university,https://w3id.org/scholarlydata/organisation/linkoping-university,1
78,https://w3id.org/scholarlydata/organisation/ibm-corporation,https://w3id.org/scholarlydata/organisation/ibm,1
166,https://w3id.org/scholarlydata/organisation/national-centre-for-text-mining-university-of-manc,https://w3id.org/scholarlydata/organisation/national-centre-for-text-mining-university-of-manchester,1
69,https://w3id.org/scholarlydata/organisation/school-of-itee-the-university-of-queensland,https://w3id.org/scholarlydata/organisation/the-university-of-queensland,0
176,https://w3id.org/scholarlydata/organisation/hasso-plattner-institute,https://w3id.org/scholarlydata/organisation/department-of-computer-science-and-technology-school-of-computer-national-university-of-defense-technology-china,0
237,https://w3id.org/scholarlydata/organisation/max-planck-institute-for-psycholinguistics,https://w3id.org/scholarlydata/organisation/institute-of-genomics-and-systems-biology-university-of-chicago,0
"",https://w3id.org/scholarlydata/organisation/stanford-university,https://w3id.org/scholarlydata/organisation/university-of-manchester-uk,0
167,https://w3id.org/scholarlydata/organisation/universita-di-torino,https://w3id.org/scholarlydata/organisation/universite-di-torino,1
100,https://w3id.org/scholarlydata/organisation/shanghai-jiao-tong-university,https://w3id.org/scholarlydata/organisation/shanghai-jiao-tong-university-china,1
287,https://w3id.org/scholarlydata/organisation/university-of-lyon,https://w3id.org/scholarlydata/organisation/intap,0
59,https://w3id.org/scholarlydata/organisation/fbk,https://w3id.org/scholarlydata/organisation/fbk-irst,1
210,https://w3id.org/scholarlydata/organisation/ilc-cnr-pisa,https://w3id.org/scholarlydata/organisation/open-university-of-the-netherlands,0
244,https://w3id.org/scholarlydata/organisation/fondazione-bruno-kessler---fbk-irst,https://w3id.org/scholarlydata/organisation/digital-pebble-ltd,0
"",https://w3id.org/scholarlydata/organisation/accenture-tech-labs,https://w3id.org/scholarlydata/organisation/university-of-manchester-uk,0
156,https://w3id.org/scholarlydata/organisation/centria-universidade-nova-de-lisboa,https://w3id.org/scholarlydata/organisation/universidade-nova-de-lisboa,1
54,https://w3id.org/scholarlydata/organisation/linkoeping-university,https://w3id.org/scholarlydata/organisation/linkoepings-universitet,1
64,https://w3id.org/scholarlydata/organisation/norwegian-university-of-science-and-technology,https://w3id.org/scholarlydata/organisation/ntnu,1
"",https://w3id.org/scholarlydata/organisation/yahoo-laboratories,https://w3id.org/scholarlydata/organisation/yale-university,0
37,https://w3id.org/scholarlydata/organisation/vu-university-amsterdam,https://w3id.org/scholarlydata/organisation/vrije-universiteit-amsterdam-the-netherlands,1
86,https://w3id.org/scholarlydata/organisation/informazione-disi---university-of-trento,https://w3id.org/scholarlydata/organisation/university-of-trento-italy,0
144,https://w3id.org/scholarlydata/organisation/dfki--w3c-fellow,https://w3id.org/scholarlydata/organisation/dfki---w3c-fellow,1
"",https://w3id.org/scholarlydata/organisation/freie-universitaet-berlin,https://w3id.org/scholarlydata/organisation/karlsruhe-institute-of-technology,0
"",https://w3id.org/scholarlydata/organisation/institute-for-scientific-interchange-isi-foundation,https://w3id.org/scholarlydata/organisation/isi-turin,1
"",https://w3id.org/scholarlydata/organisation/hypios,https://w3id.org/scholarlydata/organisation/stih,0
208,https://w3id.org/scholarlydata/organisation/dfki-gmbh-kaiserslautern-germany,https://w3id.org/scholarlydata/organisation/politenico-di-milano,0
136,https://w3id.org/scholarlydata/organisation/universite-catholique-de-louvain,https://w3id.org/scholarlydata/organisation/fnrs-universilte-catholique-de-louvain,0
"",https://w3id.org/scholarlydata/organisation/pompeu-fabra-university,https://w3id.org/scholarlydata/organisation/universitat-politecnica-de-catalunya,0
125,https://w3id.org/scholarlydata/organisation/seevl-net-mdg-web-ltd,https://w3id.org/scholarlydata/organisation/seevlnet-mdg-web-ltd,1
"",https://w3id.org/scholarlydata/organisation/loa-cnr,https://w3id.org/scholarlydata/organisation/universite-paris-13-cnr-istc,0
186,https://w3id.org/scholarlydata/organisation/information-extraction-transport-inc,https://w3id.org/scholarlydata/organisation/university-of-yamanashi,0
27,https://w3id.org/scholarlydata/organisation/kmi-open-university,https://w3id.org/scholarlydata/organisation/kmi-the-open-university-uk,1
281,https://w3id.org/scholarlydata/organisation/delft-university-of-technology,https://w3id.org/scholarlydata/organisation/hltri-at-utd,0
"",https://w3id.org/scholarlydata/organisation/technische-universitaet-dresden,https://w3id.org/scholarlydata/organisation/technische-universitat-dresden,1
3,https://w3id.org/scholarlydata/organisation/istc-cnr,https://w3id.org/scholarlydata/organisation/cnr-istc-italy,1
72,https://w3id.org/scholarlydata/organisation/university-of-wuerzburg,https://w3id.org/scholarlydata/organisation/universitaet-wuerzburg,1
"",https://w3id.org/scholarlydata/organisation/eindhoven-university-of-technology,https://w3id.org/scholarlydata/organisation/vrije-universiteit-amsterdam,0
279,https://w3id.org/scholarlydata/organisation/ksoftware,https://w3id.org/scholarlydata/organisation/ariadnext,0
"",https://w3id.org/scholarlydata/organisation/inria,https://w3id.org/scholarlydata/organisation/lig,0
"",https://w3id.org/scholarlydata/organisation/institute-of-business-intelligence-knowledge-disco,https://w3id.org/scholarlydata/organisation/institute-of-software-the-chinese-academy-of-sciences,0
233,https://w3id.org/scholarlydata/organisation/csiro-ict-canberra,https://w3id.org/scholarlydata/organisation/university-of-california-los-angeles,0
47,https://w3id.org/scholarlydata/organisation/cmu,https://w3id.org/scholarlydata/organisation/carnegie-mellon-university,1
265,https://w3id.org/scholarlydata/organisation/vrije-universiteit-amsterdam-the-netherlands,https://w3id.org/scholarlydata/organisation/ecole-polytechnique-federale-de-lausanne,0
66,https://w3id.org/scholarlydata/organisation/sti-innsbruck-university-of-innsbruck,https://w3id.org/scholarlydata/organisation/deri-universitaet-innsbruck,0
185,https://w3id.org/scholarlydata/organisation/raytheon-company,https://w3id.org/scholarlydata/organisation/charles-iii-university-of-madrid,0
266,https://w3id.org/scholarlydata/organisation/dataxu-inc,https://w3id.org/scholarlydata/organisation/semantic-arts-inc,0
31,https://w3id.org/scholarlydata/organisation/institute-aifb,https://w3id.org/scholarlydata/organisation/institut-aifb-universitaet-karlsruhe,1
180,https://w3id.org/scholarlydata/organisation/university-of-roma-tor-vergata,https://w3id.org/scholarlydata/organisation/fraunhofer-institute-of-applied-information-technology,0
"",https://w3id.org/scholarlydata/organisation/university-of-fribourg,https://w3id.org/scholarlydata/organisation/university-of-sheffield,0
68,https://w3id.org/scholarlydata/organisation/ef-stefan-institute,https://w3id.org/scholarlydata/organisation/jozef-stefan-institute,1
87,https://w3id.org/scholarlydata/organisation/l3s,https://w3id.org/scholarlydata/organisation/l3s-research-center,1
9,https://w3id.org/scholarlydata/organisation/national-university-of-ireland-galway,https://w3id.org/scholarlydata/organisation/deri-nui-galway,0
159,https://w3id.org/scholarlydata/organisation/epimorphics,https://w3id.org/scholarlydata/organisation/epimorphics-ltd,1
"",https://w3id.org/scholarlydata/organisation/graz-university-of-technology,https://w3id.org/scholarlydata/organisation/university-of-graz,1
"",https://w3id.org/scholarlydata/organisation/ludwig-maximilian-university-of-munich,https://w3id.org/scholarlydata/organisation/university-of-munich,0
157,https://w3id.org/scholarlydata/organisation/inria-sophia,https://w3id.org/scholarlydata/organisation/inria-sophia-antipolis,1
256,https://w3id.org/scholarlydata/organisation/universidad-de-chile-computer-science-department,https://w3id.org/scholarlydata/organisation/institute-of-historical-research,0
"",https://w3id.org/scholarlydata/organisation/web-based-systems-group-freie-universitaet-berlin,https://w3id.org/scholarlydata/organisation/wright-state-university,0
160,https://w3id.org/scholarlydata/organisation/university-of-lyon,https://w3id.org/scholarlydata/organisation/universite-de-lyon,1
"",https://w3id.org/scholarlydata/organisation/hewlett-packard,https://w3id.org/scholarlydata/organisation/unitn,0
95,https://w3id.org/scholarlydata/organisation/aristotle-university-of-thessaloniki,https://w3id.org/scholarlydata/organisation/aristotle-university-of-thessaloniki-greece,1
"",https://w3id.org/scholarlydata/organisation/australian-proteome-analysis-facility,https://w3id.org/scholarlydata/organisation/csiro-australia,0
"",https://w3id.org/scholarlydata/organisation/mizogushi-lab-osaka,https://w3id.org/scholarlydata/organisation/osaka-university,1
189,https://w3id.org/scholarlydata/organisation/homi-bhabha-centre-for-science-education,https://w3id.org/scholarlydata/organisation/university-of-cambridge,0
"",https://w3id.org/scholarlydata/organisation/hewlett-packard-laboratories,https://w3id.org/scholarlydata/organisation/institut-aifb-universitaet-karlsruhe,0
"",https://w3id.org/scholarlydata/organisation/hewlett-packard-laboratories,https://w3id.org/scholarlydata/organisation/university-of-zurich,0
58,https://w3id.org/scholarlydata/organisation/linkoping-university,https://w3id.org/scholarlydata/organisation/linkoepings-universitet,1
172,https://w3id.org/scholarlydata/organisation/university-of-rennes,https://w3id.org/scholarlydata/organisation/the-institute-of-scientific-and-industrial-research-isir-osaka-university,0
1,https://w3id.org/scholarlydata/organisation/cwi,https://w